<MESSAGE MISMOReferenceModelIdentifier="3.3" xmlns="http://www.mismo.org/residential/2009/schemas" xmlns:xlink="http://www.w3.org/1999/xlink">
  <ABOUT_VERSIONS>
    <ABOUT_VERSION SequenceNumber="1">
      <AboutVersionIdentifier>1.0</AboutVersionIdentifier>
      <CreatedDatetime>2016-05-19T14:14:09.1079381-07:00</CreatedDatetime>
      <DataVersionIdentifier IdentifierOwnerURI="urn:fdc:lender.com:2013:ApplicationID">1.0</DataVersionIdentifier>
      <DataVersionName>FAST Transaction System</DataVersionName>
    </ABOUT_VERSION>
  </ABOUT_VERSIONS>
  <DEAL_SETS>
    <DEAL_SET SequenceNumber="1">
      <DEALS>
        <DEAL SequenceNumber="1">
          <COLLATERALS>
            <COLLATERAL SequenceNumber="1">
              <SUBJECT_PROPERTY SequenceNumber="1">
                <ADDRESS SequenceNumber="1">
                  <CityName>ALBANY</CityName>
                  <CountryCode>US</CountryCode>
                  <CountyCode>ALAMEDA</CountyCode>
                  <StateCode>CA</StateCode>
                </ADDRESS>
              </SUBJECT_PROPERTY>
            </COLLATERAL>
          </COLLATERALS>
          <LOANS>
            <LOAN LoanRoleType="SubjectLoan" xlink:label="SubjectLoan" SequenceNumber="1">
              <ADJUSTMENT>
                <INTEREST_RATE_ADJUSTMENT>
                  <INDEX_RULES>
                    <INDEX_RULE SequenceNumber="1">
                      <IndexType>BankPrimeLoan</IndexType>
                    </INDEX_RULE>
                  </INDEX_RULES>
                  <INTEREST_RATE_PER_CHANGE_ADJUSTMENT_RULES>
                    <INTEREST_RATE_PER_CHANGE_ADJUSTMENT_RULE>
                      <AdjustmentRuleType>First</AdjustmentRuleType>
                      <PerChangeMaximumIncreaseRatePercent>2</PerChangeMaximumIncreaseRatePercent>
                    </INTEREST_RATE_PER_CHANGE_ADJUSTMENT_RULE>
                    <INTEREST_RATE_PER_CHANGE_ADJUSTMENT_RULE>
                      <AdjustmentRuleType>Subsequent</AdjustmentRuleType>
                      <PerChangeMaximumIncreaseRatePercent>4</PerChangeMaximumIncreaseRatePercent>
                    </INTEREST_RATE_PER_CHANGE_ADJUSTMENT_RULE>
                  </INTEREST_RATE_PER_CHANGE_ADJUSTMENT_RULES>
                </INTEREST_RATE_ADJUSTMENT>
                <PRINCIPAL_AND_INTEREST_PAYMENT_ADJUSTMENT>
                  <PRINCIPAL_AND_INTEREST_ADJUSTMENT_LIMITED_PAYMENT_OPTIONS>
                    <PRINCIPAL_AND_INTEREST_ADJUSTMENT_LIMITED_PAYMENT_OPTION>
                      <LimitedPrincipalAndInterestPaymentEffectiveDate>2016-05-15</LimitedPrincipalAndInterestPaymentEffectiveDate>
                      <LimitedPrincipalAndInterestPaymentPeriodEndDate>2016-09-15</LimitedPrincipalAndInterestPaymentPeriodEndDate>
                    </PRINCIPAL_AND_INTEREST_ADJUSTMENT_LIMITED_PAYMENT_OPTION>
                  </PRINCIPAL_AND_INTEREST_ADJUSTMENT_LIMITED_PAYMENT_OPTIONS>
                  <PRINCIPAL_AND_INTEREST_PAYMENT_LIFETIME_ADJUSTMENT_RULE>
                    <FinalPrincipalAndInterestPaymentChangeDate>2016-10-30</FinalPrincipalAndInterestPaymentChangeDate>
                  </PRINCIPAL_AND_INTEREST_PAYMENT_LIFETIME_ADJUSTMENT_RULE>
                </PRINCIPAL_AND_INTEREST_PAYMENT_ADJUSTMENT>
              </ADJUSTMENT>
              <AMORTIZATION>
                <AMORTIZATION_RULE>
                  <AmortizationType>AdjustableRate</AmortizationType>
                </AMORTIZATION_RULE>
              </AMORTIZATION>
              <CLOSING_INFORMATION>
                <CLOSING_INFORMATION_DETAIL>
                  <ClosingAgentOrderNumberIdentifier IdentifierOwnerURI="http:/ClosingAgent.com:2013:LDD:OrderID">53610</ClosingAgentOrderNumberIdentifier>
                </CLOSING_INFORMATION_DETAIL>
              </CLOSING_INFORMATION>
              <DOCUMENT_SPECIFIC_DATA_SETS>
                <DOCUMENT_SPECIFIC_DATA_SET SequenceNumber="1">
                  <INTEGRATED_DISCLOSURE>
                    <CASH_TO_CLOSE_ITEMS>
                      <CASH_TO_CLOSE_ITEM SequenceNumber="1">
                        <IntegratedDisclosureCashToCloseItemAmountChangedIndicator>false</IntegratedDisclosureCashToCloseItemAmountChangedIndicator>
                        <IntegratedDisclosureCashToCloseItemEstimatedAmount>0</IntegratedDisclosureCashToCloseItemEstimatedAmount>
                        <IntegratedDisclosureCashToCloseItemFinalAmount>0</IntegratedDisclosureCashToCloseItemFinalAmount>
                        <IntegratedDisclosureCashToCloseItemType>TotalClosingCosts</IntegratedDisclosureCashToCloseItemType>
                      </CASH_TO_CLOSE_ITEM>
                      <CASH_TO_CLOSE_ITEM SequenceNumber="2">
                        <IntegratedDisclosureCashToCloseItemAmountChangedIndicator>false</IntegratedDisclosureCashToCloseItemAmountChangedIndicator>
                        <IntegratedDisclosureCashToCloseItemEstimatedAmount>0</IntegratedDisclosureCashToCloseItemEstimatedAmount>
                        <IntegratedDisclosureCashToCloseItemFinalAmount>0</IntegratedDisclosureCashToCloseItemFinalAmount>
                        <IntegratedDisclosureCashToCloseItemType>ClosingCostsPaidBeforeClosing</IntegratedDisclosureCashToCloseItemType>
                      </CASH_TO_CLOSE_ITEM>
                      <CASH_TO_CLOSE_ITEM SequenceNumber="3">
                        <IntegratedDisclosureCashToCloseItemAmountChangedIndicator>false</IntegratedDisclosureCashToCloseItemAmountChangedIndicator>
                        <IntegratedDisclosureCashToCloseItemEstimatedAmount>0</IntegratedDisclosureCashToCloseItemEstimatedAmount>
                        <IntegratedDisclosureCashToCloseItemFinalAmount>0</IntegratedDisclosureCashToCloseItemFinalAmount>
                        <IntegratedDisclosureCashToCloseItemType>ClosingCostsFinanced</IntegratedDisclosureCashToCloseItemType>
                      </CASH_TO_CLOSE_ITEM>
                      <CASH_TO_CLOSE_ITEM SequenceNumber="4">
                        <IntegratedDisclosureCashToCloseItemAmountChangedIndicator>false</IntegratedDisclosureCashToCloseItemAmountChangedIndicator>
                        <IntegratedDisclosureCashToCloseItemEstimatedAmount>0</IntegratedDisclosureCashToCloseItemEstimatedAmount>
                        <IntegratedDisclosureCashToCloseItemFinalAmount>0</IntegratedDisclosureCashToCloseItemFinalAmount>
                        <IntegratedDisclosureCashToCloseItemType>DownPayment</IntegratedDisclosureCashToCloseItemType>
                      </CASH_TO_CLOSE_ITEM>
                      <CASH_TO_CLOSE_ITEM SequenceNumber="5">
                        <IntegratedDisclosureCashToCloseItemAmountChangedIndicator>false</IntegratedDisclosureCashToCloseItemAmountChangedIndicator>
                        <IntegratedDisclosureCashToCloseItemEstimatedAmount>0</IntegratedDisclosureCashToCloseItemEstimatedAmount>
                        <IntegratedDisclosureCashToCloseItemFinalAmount>0</IntegratedDisclosureCashToCloseItemFinalAmount>
                        <IntegratedDisclosureCashToCloseItemType>Deposit</IntegratedDisclosureCashToCloseItemType>
                      </CASH_TO_CLOSE_ITEM>
                      <CASH_TO_CLOSE_ITEM SequenceNumber="6">
                        <IntegratedDisclosureCashToCloseItemAmountChangedIndicator>false</IntegratedDisclosureCashToCloseItemAmountChangedIndicator>
                        <IntegratedDisclosureCashToCloseItemEstimatedAmount>0</IntegratedDisclosureCashToCloseItemEstimatedAmount>
                        <IntegratedDisclosureCashToCloseItemFinalAmount>0</IntegratedDisclosureCashToCloseItemFinalAmount>
                        <IntegratedDisclosureCashToCloseItemType>FundsForBorrower</IntegratedDisclosureCashToCloseItemType>
                      </CASH_TO_CLOSE_ITEM>
                      <CASH_TO_CLOSE_ITEM SequenceNumber="7">
                        <IntegratedDisclosureCashToCloseItemAmountChangedIndicator>false</IntegratedDisclosureCashToCloseItemAmountChangedIndicator>
                        <IntegratedDisclosureCashToCloseItemEstimatedAmount>0</IntegratedDisclosureCashToCloseItemEstimatedAmount>
                        <IntegratedDisclosureCashToCloseItemFinalAmount>0</IntegratedDisclosureCashToCloseItemFinalAmount>
                        <IntegratedDisclosureCashToCloseItemType>SellerCredits</IntegratedDisclosureCashToCloseItemType>
                      </CASH_TO_CLOSE_ITEM>
                      <CASH_TO_CLOSE_ITEM SequenceNumber="8">
                        <IntegratedDisclosureCashToCloseItemAmountChangedIndicator>false</IntegratedDisclosureCashToCloseItemAmountChangedIndicator>
                        <IntegratedDisclosureCashToCloseItemEstimatedAmount>0</IntegratedDisclosureCashToCloseItemEstimatedAmount>
                        <IntegratedDisclosureCashToCloseItemFinalAmount>0</IntegratedDisclosureCashToCloseItemFinalAmount>
                        <IntegratedDisclosureCashToCloseItemType>AdjustmentsAndOtherCredits</IntegratedDisclosureCashToCloseItemType>
                      </CASH_TO_CLOSE_ITEM>
                      <CASH_TO_CLOSE_ITEM SequenceNumber="9">
                        <IntegratedDisclosureCashToCloseItemEstimatedAmount>0</IntegratedDisclosureCashToCloseItemEstimatedAmount>
                        <IntegratedDisclosureCashToCloseItemType>CashToCloseTotal</IntegratedDisclosureCashToCloseItemType>
                      </CASH_TO_CLOSE_ITEM>
                      <CASH_TO_CLOSE_ITEM SequenceNumber="10">
                        <IntegratedDisclosureCashToCloseItemFinalAmount>0</IntegratedDisclosureCashToCloseItemFinalAmount>
                        <IntegratedDisclosureCashToCloseItemType>CashToCloseTotal</IntegratedDisclosureCashToCloseItemType>
                      </CASH_TO_CLOSE_ITEM>
                    </CASH_TO_CLOSE_ITEMS>
                    <ESTIMATED_PROPERTY_COST>
                      <ESTIMATED_PROPERTY_COST_COMPONENTS>
                        <ESTIMATED_PROPERTY_COST_COMPONENT SequenceNumber="1">
                          <ProjectedPaymentEscrowedType>NotEscrowed</ProjectedPaymentEscrowedType>
                          <ProjectedPaymentEstimatedTaxesInsuranceAssessmentComponentType>PropertyTaxes</ProjectedPaymentEstimatedTaxesInsuranceAssessmentComponentType>
                        </ESTIMATED_PROPERTY_COST_COMPONENT>
                      </ESTIMATED_PROPERTY_COST_COMPONENTS>
                      <ESTIMATED_PROPERTY_COST_DETAIL>
                        <ProjectedPaymentEstimatedTaxesInsuranceAssessmentTotalAmount>0</ProjectedPaymentEstimatedTaxesInsuranceAssessmentTotalAmount>
                      </ESTIMATED_PROPERTY_COST_DETAIL>
                    </ESTIMATED_PROPERTY_COST>
                    <INTEGRATED_DISCLOSURE_DETAIL>
                      <FirstYearTotalNonEscrowPaymentAmount>0</FirstYearTotalNonEscrowPaymentAmount>
                      <IntegratedDisclosureDocumentType>ClosingDisclosure</IntegratedDisclosureDocumentType>
                      <IntegratedDisclosureHomeEquityLoanIndicator>false</IntegratedDisclosureHomeEquityLoanIndicator>
                      <IntegratedDisclosureLoanProductDescription>Adjustable Rate</IntegratedDisclosureLoanProductDescription>
                    </INTEGRATED_DISCLOSURE_DETAIL>
                    <INTEGRATED_DISCLOSURE_SECTION_SUMMARIES>
                      <INTEGRATED_DISCLOSURE_SECTION_SUMMARY SequenceNumber="1">
                        <INTEGRATED_DISCLOSURE_SECTION_SUMMARY_DETAIL>
                          <IntegratedDisclosureSectionTotalAmount>0</IntegratedDisclosureSectionTotalAmount>
                          <IntegratedDisclosureSectionType>OriginationCharges</IntegratedDisclosureSectionType>
                        </INTEGRATED_DISCLOSURE_SECTION_SUMMARY_DETAIL>
                      </INTEGRATED_DISCLOSURE_SECTION_SUMMARY>
                      <INTEGRATED_DISCLOSURE_SECTION_SUMMARY SequenceNumber="2">
                        <INTEGRATED_DISCLOSURE_SECTION_SUMMARY_DETAIL>
                          <IntegratedDisclosureSectionTotalAmount>0</IntegratedDisclosureSectionTotalAmount>
                          <IntegratedDisclosureSectionType>ServicesBorrowerDidNotShopFor</IntegratedDisclosureSectionType>
                        </INTEGRATED_DISCLOSURE_SECTION_SUMMARY_DETAIL>
                      </INTEGRATED_DISCLOSURE_SECTION_SUMMARY>
                      <INTEGRATED_DISCLOSURE_SECTION_SUMMARY SequenceNumber="3">
                        <INTEGRATED_DISCLOSURE_SECTION_SUMMARY_DETAIL>
                          <IntegratedDisclosureSectionTotalAmount>0</IntegratedDisclosureSectionTotalAmount>
                          <IntegratedDisclosureSectionType>ServicesBorrowerDidShopFor</IntegratedDisclosureSectionType>
                        </INTEGRATED_DISCLOSURE_SECTION_SUMMARY_DETAIL>
                      </INTEGRATED_DISCLOSURE_SECTION_SUMMARY>
                      <INTEGRATED_DISCLOSURE_SECTION_SUMMARY SequenceNumber="4">
                        <INTEGRATED_DISCLOSURE_SECTION_SUMMARY_DETAIL>
                          <IntegratedDisclosureSectionTotalAmount>0</IntegratedDisclosureSectionTotalAmount>
                          <IntegratedDisclosureSectionType>TotalLoanCosts</IntegratedDisclosureSectionType>
                          <IntegratedDisclosureSubsectionType>LoanCostsSubtotal</IntegratedDisclosureSubsectionType>
                        </INTEGRATED_DISCLOSURE_SECTION_SUMMARY_DETAIL>
                        <INTEGRATED_DISCLOSURE_SUBSECTION_PAYMENTS>
                          <INTEGRATED_DISCLOSURE_SUBSECTION_PAYMENT SequenceNumber="1">
                            <IntegratedDisclosureSubsectionPaidByType>Buyer</IntegratedDisclosureSubsectionPaidByType>
                            <IntegratedDisclosureSubsectionPaymentAmount>0</IntegratedDisclosureSubsectionPaymentAmount>
                            <IntegratedDisclosureSubsectionPaymentTimingType>AtClosing</IntegratedDisclosureSubsectionPaymentTimingType>
                          </INTEGRATED_DISCLOSURE_SUBSECTION_PAYMENT>
                          <INTEGRATED_DISCLOSURE_SUBSECTION_PAYMENT SequenceNumber="2">
                            <IntegratedDisclosureSubsectionPaidByType>Buyer</IntegratedDisclosureSubsectionPaidByType>
                            <IntegratedDisclosureSubsectionPaymentAmount>0</IntegratedDisclosureSubsectionPaymentAmount>
                            <IntegratedDisclosureSubsectionPaymentTimingType>BeforeClosing</IntegratedDisclosureSubsectionPaymentTimingType>
                          </INTEGRATED_DISCLOSURE_SUBSECTION_PAYMENT>
                        </INTEGRATED_DISCLOSURE_SUBSECTION_PAYMENTS>
                      </INTEGRATED_DISCLOSURE_SECTION_SUMMARY>
                      <INTEGRATED_DISCLOSURE_SECTION_SUMMARY SequenceNumber="5">
                        <INTEGRATED_DISCLOSURE_SECTION_SUMMARY_DETAIL>
                          <IntegratedDisclosureSectionTotalAmount>0</IntegratedDisclosureSectionTotalAmount>
                          <IntegratedDisclosureSectionType>TaxesAndOtherGovernmentFees</IntegratedDisclosureSectionType>
                        </INTEGRATED_DISCLOSURE_SECTION_SUMMARY_DETAIL>
                      </INTEGRATED_DISCLOSURE_SECTION_SUMMARY>
                      <INTEGRATED_DISCLOSURE_SECTION_SUMMARY SequenceNumber="6">
                        <INTEGRATED_DISCLOSURE_SECTION_SUMMARY_DETAIL>
                          <IntegratedDisclosureSectionTotalAmount>0</IntegratedDisclosureSectionTotalAmount>
                          <IntegratedDisclosureSectionType>Prepaids</IntegratedDisclosureSectionType>
                        </INTEGRATED_DISCLOSURE_SECTION_SUMMARY_DETAIL>
                      </INTEGRATED_DISCLOSURE_SECTION_SUMMARY>
                      <INTEGRATED_DISCLOSURE_SECTION_SUMMARY SequenceNumber="7">
                        <INTEGRATED_DISCLOSURE_SECTION_SUMMARY_DETAIL>
                          <IntegratedDisclosureSectionTotalAmount>0</IntegratedDisclosureSectionTotalAmount>
                          <IntegratedDisclosureSectionType>InitialEscrowPaymentAtClosing</IntegratedDisclosureSectionType>
                        </INTEGRATED_DISCLOSURE_SECTION_SUMMARY_DETAIL>
                      </INTEGRATED_DISCLOSURE_SECTION_SUMMARY>
                      <INTEGRATED_DISCLOSURE_SECTION_SUMMARY SequenceNumber="8">
                        <INTEGRATED_DISCLOSURE_SECTION_SUMMARY_DETAIL>
                          <IntegratedDisclosureSectionTotalAmount>0</IntegratedDisclosureSectionTotalAmount>
                          <IntegratedDisclosureSectionType>OtherCosts</IntegratedDisclosureSectionType>
                        </INTEGRATED_DISCLOSURE_SECTION_SUMMARY_DETAIL>
                      </INTEGRATED_DISCLOSURE_SECTION_SUMMARY>
                      <INTEGRATED_DISCLOSURE_SECTION_SUMMARY SequenceNumber="9">
                        <INTEGRATED_DISCLOSURE_SECTION_SUMMARY_DETAIL>
                          <IntegratedDisclosureSectionTotalAmount>0</IntegratedDisclosureSectionTotalAmount>
                          <IntegratedDisclosureSectionType>TotalOtherCosts</IntegratedDisclosureSectionType>
                          <IntegratedDisclosureSubsectionType>OtherCostsSubtotal</IntegratedDisclosureSubsectionType>
                        </INTEGRATED_DISCLOSURE_SECTION_SUMMARY_DETAIL>
                        <INTEGRATED_DISCLOSURE_SUBSECTION_PAYMENTS>
                          <INTEGRATED_DISCLOSURE_SUBSECTION_PAYMENT SequenceNumber="1">
                            <IntegratedDisclosureSubsectionPaidByType>Buyer</IntegratedDisclosureSubsectionPaidByType>
                            <IntegratedDisclosureSubsectionPaymentAmount>0</IntegratedDisclosureSubsectionPaymentAmount>
                            <IntegratedDisclosureSubsectionPaymentTimingType>AtClosing</IntegratedDisclosureSubsectionPaymentTimingType>
                          </INTEGRATED_DISCLOSURE_SUBSECTION_PAYMENT>
                        </INTEGRATED_DISCLOSURE_SUBSECTION_PAYMENTS>
                      </INTEGRATED_DISCLOSURE_SECTION_SUMMARY>
                      <INTEGRATED_DISCLOSURE_SECTION_SUMMARY SequenceNumber="10">
                        <INTEGRATED_DISCLOSURE_SECTION_SUMMARY_DETAIL>
                          <IntegratedDisclosureSectionType>TotalClosingCosts</IntegratedDisclosureSectionType>
                          <IntegratedDisclosureSubsectionType>LenderCredits</IntegratedDisclosureSubsectionType>
                          <LenderCreditToleranceCureAmount>0</LenderCreditToleranceCureAmount>
                        </INTEGRATED_DISCLOSURE_SECTION_SUMMARY_DETAIL>
                        <INTEGRATED_DISCLOSURE_SUBSECTION_PAYMENTS>
                          <INTEGRATED_DISCLOSURE_SUBSECTION_PAYMENT SequenceNumber="1">
                            <IntegratedDisclosureSubsectionPaidByType>Buyer</IntegratedDisclosureSubsectionPaidByType>
                            <IntegratedDisclosureSubsectionPaymentAmount>0</IntegratedDisclosureSubsectionPaymentAmount>
                            <IntegratedDisclosureSubsectionPaymentTimingType>AtClosing</IntegratedDisclosureSubsectionPaymentTimingType>
                          </INTEGRATED_DISCLOSURE_SUBSECTION_PAYMENT>
                        </INTEGRATED_DISCLOSURE_SUBSECTION_PAYMENTS>
                      </INTEGRATED_DISCLOSURE_SECTION_SUMMARY>
                      <INTEGRATED_DISCLOSURE_SECTION_SUMMARY SequenceNumber="11">
                        <INTEGRATED_DISCLOSURE_SECTION_SUMMARY_DETAIL>
                          <IntegratedDisclosureSectionTotalAmount>0</IntegratedDisclosureSectionTotalAmount>
                          <IntegratedDisclosureSectionType>TotalClosingCosts</IntegratedDisclosureSectionType>
                          <IntegratedDisclosureSubsectionType>ClosingCostsSubtotal</IntegratedDisclosureSubsectionType>
                        </INTEGRATED_DISCLOSURE_SECTION_SUMMARY_DETAIL>
                      </INTEGRATED_DISCLOSURE_SECTION_SUMMARY>
                      <INTEGRATED_DISCLOSURE_SECTION_SUMMARY SequenceNumber="12">
                        <INTEGRATED_DISCLOSURE_SECTION_SUMMARY_DETAIL>
                          <IntegratedDisclosureSectionTotalAmount>0</IntegratedDisclosureSectionTotalAmount>
                          <IntegratedDisclosureSectionType>DueFromBorrowerAtClosing</IntegratedDisclosureSectionType>
                        </INTEGRATED_DISCLOSURE_SECTION_SUMMARY_DETAIL>
                      </INTEGRATED_DISCLOSURE_SECTION_SUMMARY>
                      <INTEGRATED_DISCLOSURE_SECTION_SUMMARY SequenceNumber="13">
                        <INTEGRATED_DISCLOSURE_SECTION_SUMMARY_DETAIL>
                          <IntegratedDisclosureSectionTotalAmount>0</IntegratedDisclosureSectionTotalAmount>
                          <IntegratedDisclosureSectionType>PaidAlreadyByOrOnBehalfOfBorrowerAtClosing</IntegratedDisclosureSectionType>
                        </INTEGRATED_DISCLOSURE_SECTION_SUMMARY_DETAIL>
                      </INTEGRATED_DISCLOSURE_SECTION_SUMMARY>
                    </INTEGRATED_DISCLOSURE_SECTION_SUMMARIES>
                    <PROJECTED_PAYMENTS>
                      <PROJECTED_PAYMENT SequenceNumber="1">
                        <PaymentFrequencyType>Monthly</PaymentFrequencyType>
                        <ProjectedPaymentCalculationPeriodEndNumber>0</ProjectedPaymentCalculationPeriodEndNumber>
                        <ProjectedPaymentCalculationPeriodStartNumber>0</ProjectedPaymentCalculationPeriodStartNumber>
                        <ProjectedPaymentCalculationPeriodTermType>Yearly</ProjectedPaymentCalculationPeriodTermType>
                        <ProjectedPaymentEstimatedEscrowPaymentAmount>0</ProjectedPaymentEstimatedEscrowPaymentAmount>
                        <ProjectedPaymentMIPaymentAmount>0</ProjectedPaymentMIPaymentAmount>
                      </PROJECTED_PAYMENT>
                    </PROJECTED_PAYMENTS>
                  </INTEGRATED_DISCLOSURE>
                </DOCUMENT_SPECIFIC_DATA_SET>
              </DOCUMENT_SPECIFIC_DATA_SETS>
              <LATE_CHARGE>
                <LATE_CHARGE_RULE>
                  <LateChargeGracePeriodDaysCount>0</LateChargeGracePeriodDaysCount>
                </LATE_CHARGE_RULE>
              </LATE_CHARGE>
              <LOAN_DETAIL>
                <AssumabilityIndicator>false</AssumabilityIndicator>
                <BalloonIndicator>false</BalloonIndicator>
                <ConstructionLoanIndicator>false</ConstructionLoanIndicator>
                <DemandFeatureIndicator>false</DemandFeatureIndicator>
                <EscrowIndicator>false</EscrowIndicator>
                <InterestOnlyIndicator>false</InterestOnlyIndicator>
                <InterestRateIncreaseIndicator>false</InterestRateIncreaseIndicator>
                <LoanAmountIncreaseIndicator>false</LoanAmountIncreaseIndicator>
                <MIRequiredIndicator>false</MIRequiredIndicator>
                <NegativeAmortizationIndicator>false</NegativeAmortizationIndicator>
                <PaymentIncreaseIndicator>false</PaymentIncreaseIndicator>
                <PrepaymentPenaltyIndicator>false</PrepaymentPenaltyIndicator>
              </LOAN_DETAIL>
              <LOAN_IDENTIFIERS>
                <LOAN_IDENTIFIER SequenceNumber="1">
                  <LoanIdentifierType>LenderLoan</LoanIdentifierType>
                </LOAN_IDENTIFIER>
              </LOAN_IDENTIFIERS>
              <PAYMENT>
                <PAYMENT_RULE>
                  <PaymentFrequencyType>Monthly</PaymentFrequencyType>
                  <PaymentOptionIndicator>true</PaymentOptionIndicator>
                  <ScheduledFirstPaymentDate>2016-06-30</ScheduledFirstPaymentDate>
                </PAYMENT_RULE>
              </PAYMENT>
              <TERMS_OF_LOAN>
                <LoanPurposeType>Purchase</LoanPurposeType>
              </TERMS_OF_LOAN>
            </LOAN>
          </LOANS>
          <PARTIES>
            <PARTY xlink:label="PARTY1" SequenceNumber="1">
              <INDIVIDUAL>
                <NAME>
                  <FirstName>BuyerName</FirstName>
                  <LastName>BuyerLastName</LastName>
                </NAME>
              </INDIVIDUAL>
              <ADDRESSES>
                <ADDRESS SequenceNumber="1">
                  <AddressType>Mailing</AddressType>
                  <CityName>ALBANY</CityName>
                  <CountryCode>US</CountryCode>
                  <StateCode>CA</StateCode>
                </ADDRESS>
              </ADDRESSES>
              <ROLES>
                <ROLE xlink:label="PARTY1_ROLE1" SequenceNumber="1">
                  <BORROWER>
                    <BORROWER_DETAIL>
                      <BorrowerClassificationType>Primary</BorrowerClassificationType>
                    </BORROWER_DETAIL>
                  </BORROWER>
                  <ROLE_DETAIL>
                    <PartyRoleType>Borrower</PartyRoleType>
                  </ROLE_DETAIL>
                </ROLE>
              </ROLES>
            </PARTY>
            <PARTY xlink:label="PARTY2" SequenceNumber="2">
              <INDIVIDUAL>
                <NAME>
                  <FirstName>SellerName</FirstName>
                  <LastName>SellerLastName</LastName>
                </NAME>
              </INDIVIDUAL>
              <ADDRESSES>
                <ADDRESS SequenceNumber="1">
                  <AddressType>Mailing</AddressType>
                  <CityName>ALBANY</CityName>
                  <CountryCode>US</CountryCode>
                  <StateCode>CA</StateCode>
                </ADDRESS>
              </ADDRESSES>
              <ROLES>
                <ROLE xlink:label="PARTY2_ROLE1" SequenceNumber="1">
                  <ROLE_DETAIL>
                    <PartyRoleType>PropertySeller</PartyRoleType>
                  </ROLE_DETAIL>
                </ROLE>
              </ROLES>
            </PARTY>
            <PARTY xlink:label="PARTY3" SequenceNumber="3">
              <LEGAL_ENTITY>
                <LEGAL_ENTITY_DETAIL>
                  <FullName>QA Automation Office - DO NOT TOUCH</FullName>
                </LEGAL_ENTITY_DETAIL>
              </LEGAL_ENTITY>
              <ADDRESSES>
                <ADDRESS SequenceNumber="1">
                  <AddressAdditionalLineText>Line 3 Line 4</AddressAdditionalLineText>
                  <AddressLineText>50 First American Way Line 2</AddressLineText>
                  <AddressType>Mailing</AddressType>
                  <CityName>Seattle</CityName>
                  <CountryCode>US</CountryCode>
                  <PostalCode>92614</PostalCode>
                  <StateCode>WA</StateCode>
                </ADDRESS>
              </ADDRESSES>
              <ROLES>
                <ROLE xlink:label="PARTY3_ROLE1" SequenceNumber="1">
                  <LICENSES>
                    <LICENSE xlink:label="PARTY3_ROLE1_LICENSE2" SequenceNumber="1">
                      <LICENSE_DETAIL>
                        <LicenseIdentifier>TEST04STOFFICER</LicenseIdentifier>
                        <LicenseIssuingAuthorityStateCode>CA</LicenseIssuingAuthorityStateCode>
                      </LICENSE_DETAIL>
                    </LICENSE>
                  </LICENSES>
                  <ROLE_DETAIL>
                    <PartyRoleType>ClosingAgent</PartyRoleType>
                  </ROLE_DETAIL>
                </ROLE>
              </ROLES>
            </PARTY>
            <PARTY xlink:label="PARTY4" SequenceNumber="4">
              <INDIVIDUAL>
                <CONTACT_POINTS>
                  <CONTACT_POINT SequenceNumber="1">
                    <CONTACT_POINT_EMAIL>
                      <ContactPointEmailValue>zg@yahoo.com</ContactPointEmailValue>
                    </CONTACT_POINT_EMAIL>
                    <CONTACT_POINT_DETAIL>
                      <ContactPointRoleType>Work</ContactPointRoleType>
                    </CONTACT_POINT_DETAIL>
                  </CONTACT_POINT>
                  <CONTACT_POINT SequenceNumber="2">
                    <CONTACT_POINT_TELEPHONE>
                      <ContactPointTelephoneExtensionValue>4530</ContactPointTelephoneExtensionValue>
                      <ContactPointTelephoneValue>1234567890</ContactPointTelephoneValue>
                    </CONTACT_POINT_TELEPHONE>
                    <CONTACT_POINT_DETAIL>
                      <ContactPointRoleType>Work</ContactPointRoleType>
                    </CONTACT_POINT_DETAIL>
                  </CONTACT_POINT>
                </CONTACT_POINTS>
              </INDIVIDUAL>
              <ROLES>
                <ROLE xlink:label="PARTY4_ROLE1" SequenceNumber="1">
                  <ROLE_DETAIL>
                    <PartyRoleType>ClosingAgent</PartyRoleType>
                  </ROLE_DETAIL>
                </ROLE>
              </ROLES>
            </PARTY>
          </PARTIES>
          <RELATIONSHIPS>
            <RELATIONSHIP xlink:arcrole="urn:fdc:mismo.org:2009:residential/ROLE_IsEmployedBy_ROLE" xlink:from="PARTY4_ROLE1" xlink:to="PARTY3_ROLE1" SequenceNumber="1" />
          </RELATIONSHIPS>
          <SERVICES>
            <SERVICE SequenceNumber="1" xlink:label="SERVICE1">
              <SERVICE_PRODUCT_FULFILLMENT>
                <SERVICE_PRODUCT_FULFILLMENT_DETAIL>
                  <VendorOrderIdentifier>MismoFileID</VendorOrderIdentifier>
                  <VendorTransactionIdentifier>MismoFileNumber</VendorTransactionIdentifier>
                </SERVICE_PRODUCT_FULFILLMENT_DETAIL>
               </SERVICE_PRODUCT_FULFILLMENT>
            </SERVICE>
          </SERVICES>
        </DEAL>
      </DEALS>
    </DEAL_SET>
  </DEAL_SETS>
</MESSAGE>