﻿<mismo33:MESSAGE xmlns:mismo33="http://www.mismo.org/residential/2009/schemas">
  <mismo33:ABOUT_VERSIONS>
    <mismo33:ABOUT_VERSION SequenceNumber="1">
      <mismo33:AboutVersionIdentifier>3.3</mismo33:AboutVersionIdentifier>
      <mismo33:CreatedDatetime>2016-05-18T16:07:43.148-06:00</mismo33:CreatedDatetime>
      <DataVersionIdentifier xmlns="http://www.mismo.org/residential/2009/schemas">27da6b5197c546e0a252a13b70384f28</DataVersionIdentifier>
      <DataVersionName xmlns="http://www.mismo.org/residential/2009/schemas">CorrelationID</DataVersionName>
    </mismo33:ABOUT_VERSION>
    <mismo33:ABOUT_VERSION SequenceNumber="2">
      <mismo33:DataVersionIdentifier>27da6b51-97c5-46e0-a252-a13b70384f28</mismo33:DataVersionIdentifier>
      <mismo33:DataVersionName>CorrelationID</mismo33:DataVersionName>
    </mismo33:ABOUT_VERSION>
  </mismo33:ABOUT_VERSIONS>
  <mismo33:DEAL_SETS>
    <mismo33:DEAL_SET>
      <mismo33:DEALS>
        <mismo33:DEAL SequenceNumber="1">
          <mismo33:ABOUT_VERSIONS>
            <mismo33:ABOUT_VERSION SequenceNumber="1">
              <mismo33:AboutVersionIdentifier>3.3</mismo33:AboutVersionIdentifier>
              <mismo33:CreatedDatetime>2016-05-18T16:07:43.148-06:00</mismo33:CreatedDatetime>
            </mismo33:ABOUT_VERSION>
          </mismo33:ABOUT_VERSIONS>
          <mismo33:COLLATERALS>
            <mismo33:COLLATERAL xmlns:xlink="http://www.w3.org/1999/xlink" SequenceNumber="1" xlink:label="Collateral_1">
              <mismo33:SUBJECT_PROPERTY SequenceNumber="1" xlink:label="SUBJECT_PROPERTY_1">
                <mismo33:ADDRESS>
                  <mismo33:AddressLineText>3411 MUSTANG RD</mismo33:AddressLineText>
                  <mismo33:CityName>JOLIET</mismo33:CityName>
                  <mismo33:PostalCode>604358746</mismo33:PostalCode>
                  <mismo33:StateCode>IL</mismo33:StateCode>
                </mismo33:ADDRESS>
                <mismo33:PROPERTY_VALUATIONS>
                  <mismo33:PROPERTY_VALUATION SequenceNumber="1" xlink:label="PROPERTY_VALUATION1">
                    <mismo33:PROPERTY_VALUATION_DETAIL>
                      <mismo33:PropertyValuationAmount>212175</mismo33:PropertyValuationAmount>
                    </mismo33:PROPERTY_VALUATION_DETAIL>
                  </mismo33:PROPERTY_VALUATION>
                </mismo33:PROPERTY_VALUATIONS>
                <mismo33:SALES_CONTRACTS>
                  <mismo33:SALES_CONTRACT>
                    <mismo33:SALES_CONTRACT_DETAIL>
                      <mismo33:PersonalPropertyIncludedIndicator>false</mismo33:PersonalPropertyIncludedIndicator>
                    </mismo33:SALES_CONTRACT_DETAIL>
                  </mismo33:SALES_CONTRACT>
                </mismo33:SALES_CONTRACTS>
              </mismo33:SUBJECT_PROPERTY>
            </mismo33:COLLATERAL>
          </mismo33:COLLATERALS>
          <mismo33:LIABILITIES>
            <mismo33:LIABILITY xmlns:realec33="http://www.realec.com/2013/schemas/Integrations/3.3" xmlns:xlink="http://www.w3.org/1999/xlink" SequenceNumber="1" xlink:label="LIABILITY1">
              <mismo33:LIABILITY_DETAIL>
                <mismo33:LiabilityType>MortgageLoan</mismo33:LiabilityType>
              </mismo33:LIABILITY_DETAIL>
              <mismo33:LIABILITY_HOLDER>
                <mismo33:NAME>
                  <mismo33:FullName>WELLS FARGO HM MORTGAG</mismo33:FullName>
                </mismo33:NAME>
              </mismo33:LIABILITY_HOLDER>
              <mismo33:PAYOFF>
                <mismo33:PayoffAmount>198998.46</mismo33:PayoffAmount>
              </mismo33:PAYOFF>
            </mismo33:LIABILITY>
          </mismo33:LIABILITIES>
          <mismo33:LOANS>
            <mismo33:LOAN xmlns:xlink="http://www.w3.org/1999/xlink" SequenceNumber="1" LoanRoleType="SubjectLoan" xlink:label="LOAN_1">
              <mismo33:ADJUSTMENT>
                <mismo33:INTEREST_RATE_ADJUSTMENT>
                  <mismo33:INTEREST_RATE_LIFETIME_ADJUSTMENT_RULE>
                    <mismo33:CeilingRatePercentEarliestEffectiveMonthsCount>1</mismo33:CeilingRatePercentEarliestEffectiveMonthsCount>
                  </mismo33:INTEREST_RATE_LIFETIME_ADJUSTMENT_RULE>
                </mismo33:INTEREST_RATE_ADJUSTMENT>
                <mismo33:PRINCIPAL_AND_INTEREST_PAYMENT_ADJUSTMENT>
                  <mismo33:PRINCIPAL_AND_INTEREST_PAYMENT_LIFETIME_ADJUSTMENT_RULE>
                    <mismo33:FirstPrincipalAndInterestPaymentChangeMonthsCount>360</mismo33:FirstPrincipalAndInterestPaymentChangeMonthsCount>
                    <mismo33:PrincipalAndInterestPaymentMaximumAmount>965</mismo33:PrincipalAndInterestPaymentMaximumAmount>
                  </mismo33:PRINCIPAL_AND_INTEREST_PAYMENT_LIFETIME_ADJUSTMENT_RULE>
                </mismo33:PRINCIPAL_AND_INTEREST_PAYMENT_ADJUSTMENT>
              </mismo33:ADJUSTMENT>
              <mismo33:AMORTIZATION>
                <mismo33:AMORTIZATION_RULE>
                  <mismo33:AmortizationType>Fixed</mismo33:AmortizationType>
                </mismo33:AMORTIZATION_RULE>
              </mismo33:AMORTIZATION>
              <mismo33:CLOSING_INFORMATION>
                <mismo33:CLOSING_INFORMATION_DETAIL>
                  <mismo33:CashFromBorrowerAtClosingAmount>18.21</mismo33:CashFromBorrowerAtClosingAmount>
                  <mismo33:ClosingAgentOrderNumberIdentifier>Unknown</mismo33:ClosingAgentOrderNumberIdentifier>
                  <mismo33:ClosingDate>2016-06-01</mismo33:ClosingDate>
                  <mismo33:DisbursementDate>2016-06-06</mismo33:DisbursementDate>
                </mismo33:CLOSING_INFORMATION_DETAIL>
                <mismo33:PREPAID_ITEMS>
                  <mismo33:PREPAID_ITEM SequenceNumber="1" xlink:label="PREPAID_ITEM_1">
                    <mismo33:PREPAID_ITEM_DETAIL>
                      <mismo33:FeePaidToType>Lender</mismo33:FeePaidToType>
                      <mismo33:IntegratedDisclosureSectionType>Prepaids</mismo33:IntegratedDisclosureSectionType>
                      <mismo33:PrepaidItemPaidFromDate>2016-06-06</mismo33:PrepaidItemPaidFromDate>
                      <mismo33:PrepaidItemPaidThroughDate>2016-06-30</mismo33:PrepaidItemPaidThroughDate>
                      <mismo33:PrepaidItemPerDiemAmount>21.4</mismo33:PrepaidItemPerDiemAmount>
                      <mismo33:PrepaidItemPerDiemCalculationMethodType>360</mismo33:PrepaidItemPerDiemCalculationMethodType>
                      <mismo33:PrepaidItemType>PrepaidInterest</mismo33:PrepaidItemType>
                    </mismo33:PREPAID_ITEM_DETAIL>
                    <mismo33:PREPAID_ITEM_PAID_TO>
                      <mismo33:LEGAL_ENTITY>
                        <mismo33:LEGAL_ENTITY_DETAIL>
                          <mismo33:FullName>Wells Fargo Bank, N.A</mismo33:FullName>
                        </mismo33:LEGAL_ENTITY_DETAIL>
                      </mismo33:LEGAL_ENTITY>
                    </mismo33:PREPAID_ITEM_PAID_TO>
                    <mismo33:PREPAID_ITEM_PAYMENTS>
                      <mismo33:PREPAID_ITEM_PAYMENT SequenceNumber="1" xlink:label="PREPAID_ITEM_PAYMENT_1">
                        <mismo33:PrepaidItemActualPaymentAmount>535</mismo33:PrepaidItemActualPaymentAmount>
                        <mismo33:PrepaidItemPaymentPaidByType>Buyer</mismo33:PrepaidItemPaymentPaidByType>
                        <mismo33:PrepaidItemPaymentTimingType>AtClosing</mismo33:PrepaidItemPaymentTimingType>
                      </mismo33:PREPAID_ITEM_PAYMENT>
                    </mismo33:PREPAID_ITEM_PAYMENTS>
                  </mismo33:PREPAID_ITEM>
                  <mismo33:PREPAID_ITEM SequenceNumber="2" xlink:label="PREPAID_ITEM_2">
                    <mismo33:PREPAID_ITEM_DETAIL>
                      <mismo33:FeePaidToType>ThirdPartyProvider</mismo33:FeePaidToType>
                      <mismo33:IntegratedDisclosureSectionType>Prepaids</mismo33:IntegratedDisclosureSectionType>
                      <mismo33:PrepaidItemMonthsPaidCount>6</mismo33:PrepaidItemMonthsPaidCount>
                      <mismo33:PrepaidItemType>CountyPropertyTax</mismo33:PrepaidItemType>
                    </mismo33:PREPAID_ITEM_DETAIL>
                    <mismo33:PREPAID_ITEM_PAID_TO>
                      <mismo33:LEGAL_ENTITY>
                        <mismo33:LEGAL_ENTITY_DETAIL>
                          <mismo33:FullName>WILL COUNTY (5)(W)</mismo33:FullName>
                        </mismo33:LEGAL_ENTITY_DETAIL>
                      </mismo33:LEGAL_ENTITY>
                    </mismo33:PREPAID_ITEM_PAID_TO>
                    <mismo33:PREPAID_ITEM_PAYMENTS>
                      <mismo33:PREPAID_ITEM_PAYMENT SequenceNumber="2" xlink:label="PREPAID_ITEM_PAYMENT_2">
                        <mismo33:PrepaidItemActualPaymentAmount>2721.77</mismo33:PrepaidItemActualPaymentAmount>
                        <mismo33:PrepaidItemPaymentPaidByType>Buyer</mismo33:PrepaidItemPaymentPaidByType>
                        <mismo33:PrepaidItemPaymentTimingType>AtClosing</mismo33:PrepaidItemPaymentTimingType>
                      </mismo33:PREPAID_ITEM_PAYMENT>
                    </mismo33:PREPAID_ITEM_PAYMENTS>
                  </mismo33:PREPAID_ITEM>
                </mismo33:PREPAID_ITEMS>
              </mismo33:CLOSING_INFORMATION>
              <mismo33:DOCUMENT_SPECIFIC_DATA_SETS>
                <mismo33:DOCUMENT_SPECIFIC_DATA_SET SequenceNumber="1" xlink:label="DOCUMENT_SPECIFIC_DATA_SET_1">
                  <mismo33:INTEGRATED_DISCLOSURE>
                    <mismo33:CASH_TO_CLOSE_ITEMS>
                      <mismo33:CASH_TO_CLOSE_ITEM SequenceNumber="1" xlink:label="CASH_TO_CLOSE_ITEM_1">
                        <mismo33:IntegratedDisclosureCashToCloseItemAmountChangedIndicator>false</mismo33:IntegratedDisclosureCashToCloseItemAmountChangedIndicator>
                        <mismo33:IntegratedDisclosureCashToCloseItemEstimatedAmount>847934</mismo33:IntegratedDisclosureCashToCloseItemEstimatedAmount>
                        <mismo33:IntegratedDisclosureCashToCloseItemFinalAmount>208300</mismo33:IntegratedDisclosureCashToCloseItemFinalAmount>
                        <mismo33:IntegratedDisclosureCashToCloseItemType>LoanAmount</mismo33:IntegratedDisclosureCashToCloseItemType>
                      </mismo33:CASH_TO_CLOSE_ITEM>
                      <mismo33:CASH_TO_CLOSE_ITEM SequenceNumber="2" xlink:label="CASH_TO_CLOSE_ITEM_2">
                        <mismo33:IntegratedDisclosureCashToCloseItemAmountChangedIndicator>true</mismo33:IntegratedDisclosureCashToCloseItemAmountChangedIndicator>
                        <mismo33:IntegratedDisclosureCashToCloseItemChangeDescription>See Payoffs and Payments (K)</mismo33:IntegratedDisclosureCashToCloseItemChangeDescription>
                        <mismo33:IntegratedDisclosureCashToCloseItemEstimatedAmount>200678</mismo33:IntegratedDisclosureCashToCloseItemEstimatedAmount>
                        <mismo33:IntegratedDisclosureCashToCloseItemFinalAmount>198998.46</mismo33:IntegratedDisclosureCashToCloseItemFinalAmount>
                        <mismo33:IntegratedDisclosureCashToCloseItemType>TotalPayoffsAndPayments</mismo33:IntegratedDisclosureCashToCloseItemType>
                      </mismo33:CASH_TO_CLOSE_ITEM>
                      <mismo33:CASH_TO_CLOSE_ITEM SequenceNumber="3" xlink:label="CASH_TO_CLOSE_ITEM_3">
                        <mismo33:IntegratedDisclosureCashToCloseItemAmountChangedIndicator>true</mismo33:IntegratedDisclosureCashToCloseItemAmountChangedIndicator>
                        <mismo33:IntegratedDisclosureCashToCloseItemChangeDescription>You included these Closing Costs in the loan amount, which increased the loan amount.</mismo33:IntegratedDisclosureCashToCloseItemChangeDescription>
                        <mismo33:IntegratedDisclosureCashToCloseItemEstimatedAmount>7622</mismo33:IntegratedDisclosureCashToCloseItemEstimatedAmount>
                        <mismo33:IntegratedDisclosureCashToCloseItemFinalAmount>9301.54</mismo33:IntegratedDisclosureCashToCloseItemFinalAmount>
                        <mismo33:IntegratedDisclosureCashToCloseItemType>ClosingCostsFinanced</mismo33:IntegratedDisclosureCashToCloseItemType>
                      </mismo33:CASH_TO_CLOSE_ITEM>
                      <mismo33:CASH_TO_CLOSE_ITEM SequenceNumber="4" xlink:label="CASH_TO_CLOSE_ITEM_4">
                        <mismo33:IntegratedDisclosureCashToCloseItemAmountChangedIndicator>true</mismo33:IntegratedDisclosureCashToCloseItemAmountChangedIndicator>
                        <mismo33:IntegratedDisclosureCashToCloseItemChangeDescription>Total Loan Costs (D) and Total Other Costs (I) increase exceeds legal limits by $0.00. See Lender Credits for credit of excess amount.</mismo33:IntegratedDisclosureCashToCloseItemChangeDescription>
                        <mismo33:IntegratedDisclosureCashToCloseItemEstimatedAmount>847934</mismo33:IntegratedDisclosureCashToCloseItemEstimatedAmount>
                        <mismo33:IntegratedDisclosureCashToCloseItemFinalAmount>9330.75</mismo33:IntegratedDisclosureCashToCloseItemFinalAmount>
                        <mismo33:IntegratedDisclosureCashToCloseItemType>TotalClosingCosts</mismo33:IntegratedDisclosureCashToCloseItemType>
                      </mismo33:CASH_TO_CLOSE_ITEM>
                      <mismo33:CASH_TO_CLOSE_ITEM SequenceNumber="5" xlink:label="CASH_TO_CLOSE_ITEM_5">
                        <mismo33:IntegratedDisclosureCashToCloseItemAmountChangedIndicator>true</mismo33:IntegratedDisclosureCashToCloseItemAmountChangedIndicator>
                        <mismo33:IntegratedDisclosureCashToCloseItemChangeDescription>You paid these Closing Costs before Closing</mismo33:IntegratedDisclosureCashToCloseItemChangeDescription>
                        <mismo33:IntegratedDisclosureCashToCloseItemEstimatedAmount>0</mismo33:IntegratedDisclosureCashToCloseItemEstimatedAmount>
                        <mismo33:IntegratedDisclosureCashToCloseItemFinalAmount>11</mismo33:IntegratedDisclosureCashToCloseItemFinalAmount>
                        <mismo33:IntegratedDisclosureCashToCloseItemType>ClosingCostsPaidBeforeClosing</mismo33:IntegratedDisclosureCashToCloseItemType>
                      </mismo33:CASH_TO_CLOSE_ITEM>
                      <mismo33:CASH_TO_CLOSE_ITEM SequenceNumber="6" xlink:label="CASH_TO_CLOSE_ITEM_6">
                        <mismo33:IntegratedDisclosureCashToCloseItemEstimatedAmount>271</mismo33:IntegratedDisclosureCashToCloseItemEstimatedAmount>
                        <mismo33:IntegratedDisclosureCashToCloseItemPaymentType>FromBorrower</mismo33:IntegratedDisclosureCashToCloseItemPaymentType>
                        <mismo33:IntegratedDisclosureCashToCloseItemType>CashToCloseTotal</mismo33:IntegratedDisclosureCashToCloseItemType>
                      </mismo33:CASH_TO_CLOSE_ITEM>
                      <mismo33:CASH_TO_CLOSE_ITEM SequenceNumber="7" xlink:label="CASH_TO_CLOSE_ITEM_7">
                        <mismo33:IntegratedDisclosureCashToCloseItemFinalAmount>18.21</mismo33:IntegratedDisclosureCashToCloseItemFinalAmount>
                        <mismo33:IntegratedDisclosureCashToCloseItemPaymentType>FromBorrower</mismo33:IntegratedDisclosureCashToCloseItemPaymentType>
                        <mismo33:IntegratedDisclosureCashToCloseItemType>CashToCloseTotal</mismo33:IntegratedDisclosureCashToCloseItemType>
                      </mismo33:CASH_TO_CLOSE_ITEM>
                    </mismo33:CASH_TO_CLOSE_ITEMS>
                    <mismo33:ESTIMATED_PROPERTY_COST>
                      <mismo33:ESTIMATED_PROPERTY_COST_COMPONENTS>
                        <mismo33:ESTIMATED_PROPERTY_COST_COMPONENT xlink:label="ESTIMATED_PROPERTY_COST_COMPONENT_0" SequenceNumber="1">
                          <mismo33:ProjectedPaymentEscrowedType>Escrowed</mismo33:ProjectedPaymentEscrowedType>
                          <mismo33:ProjectedPaymentEstimatedTaxesInsuranceAssessmentComponentType>PropertyTaxes</mismo33:ProjectedPaymentEstimatedTaxesInsuranceAssessmentComponentType>
                        </mismo33:ESTIMATED_PROPERTY_COST_COMPONENT>
                        <mismo33:ESTIMATED_PROPERTY_COST_COMPONENT xlink:label="ESTIMATED_PROPERTY_COST_COMPONENT_1" SequenceNumber="2">
                          <mismo33:ProjectedPaymentEscrowedType>Escrowed</mismo33:ProjectedPaymentEscrowedType>
                          <mismo33:ProjectedPaymentEstimatedTaxesInsuranceAssessmentComponentType>HomeownersInsurance</mismo33:ProjectedPaymentEstimatedTaxesInsuranceAssessmentComponentType>
                        </mismo33:ESTIMATED_PROPERTY_COST_COMPONENT>
                        <mismo33:ESTIMATED_PROPERTY_COST_COMPONENT xlink:label="ESTIMATED_PROPERTY_COST_COMPONENT_2" SequenceNumber="3">
                          <mismo33:ProjectedPaymentEscrowedType>NotEscrowed</mismo33:ProjectedPaymentEscrowedType>
                          <mismo33:ProjectedPaymentEstimatedTaxesInsuranceAssessmentComponentType>HomeownersAssociationDues</mismo33:ProjectedPaymentEstimatedTaxesInsuranceAssessmentComponentType>
                        </mismo33:ESTIMATED_PROPERTY_COST_COMPONENT>
                      </mismo33:ESTIMATED_PROPERTY_COST_COMPONENTS>
                      <mismo33:ESTIMATED_PROPERTY_COST_DETAIL>
                        <mismo33:ProjectedPaymentEstimatedTaxesInsuranceAssessmentTotalAmount>560.29</mismo33:ProjectedPaymentEstimatedTaxesInsuranceAssessmentTotalAmount>
                      </mismo33:ESTIMATED_PROPERTY_COST_DETAIL>
                    </mismo33:ESTIMATED_PROPERTY_COST>
                    <mismo33:INTEGRATED_DISCLOSURE_DETAIL xlink:label="INTEGRATED_DISCLOSURE_DETAIL_1">
                      <mismo33:FirstYearTotalEscrowPaymentAmount>6503.52</mismo33:FirstYearTotalEscrowPaymentAmount>
                      <mismo33:FirstYearTotalEscrowPaymentDescription>County Tax, Hazard/Home Owners Insurance</mismo33:FirstYearTotalEscrowPaymentDescription>
                      <mismo33:FirstYearTotalNonEscrowPaymentAmount>219.96</mismo33:FirstYearTotalNonEscrowPaymentAmount>
                      <mismo33:FirstYearTotalNonEscrowPaymentDescription>Home Owner Association Dues</mismo33:FirstYearTotalNonEscrowPaymentDescription>
                      <mismo33:IntegratedDisclosureDocumentType>ClosingDisclosure</mismo33:IntegratedDisclosureDocumentType>
                      <mismo33:IntegratedDisclosureHomeEquityLoanIndicator>false</mismo33:IntegratedDisclosureHomeEquityLoanIndicator>
                      <mismo33:IntegratedDisclosureIssuedDate>2016-06-01</mismo33:IntegratedDisclosureIssuedDate>
                      <mismo33:IntegratedDisclosureLoanProductDescription>Fixed Rate</mismo33:IntegratedDisclosureLoanProductDescription>
                    </mismo33:INTEGRATED_DISCLOSURE_DETAIL>
                    <mismo33:INTEGRATED_DISCLOSURE_SECTION_SUMMARIES>
                      <mismo33:INTEGRATED_DISCLOSURE_SECTION_SUMMARY SequenceNumber="1" xlink:label="INTEGRATED_DISCLOSURE_SECTION_SUMMARY_1">
                        <mismo33:INTEGRATED_DISCLOSURE_SECTION_SUMMARY_DETAIL>
                          <mismo33:IntegratedDisclosureSectionTotalAmount>3257</mismo33:IntegratedDisclosureSectionTotalAmount>
                          <mismo33:IntegratedDisclosureSectionType>Prepaids</mismo33:IntegratedDisclosureSectionType>
                        </mismo33:INTEGRATED_DISCLOSURE_SECTION_SUMMARY_DETAIL>
                      </mismo33:INTEGRATED_DISCLOSURE_SECTION_SUMMARY>
                      <mismo33:INTEGRATED_DISCLOSURE_SECTION_SUMMARY SequenceNumber="2" xlink:label="INTEGRATED_DISCLOSURE_SECTION_SUMMARY_2">
                        <mismo33:INTEGRATED_DISCLOSURE_SECTION_SUMMARY_DETAIL>
                          <mismo33:IntegratedDisclosureSectionTotalAmount>1691</mismo33:IntegratedDisclosureSectionTotalAmount>
                          <mismo33:IntegratedDisclosureSectionType>OriginationCharges</mismo33:IntegratedDisclosureSectionType>
                        </mismo33:INTEGRATED_DISCLOSURE_SECTION_SUMMARY_DETAIL>
                      </mismo33:INTEGRATED_DISCLOSURE_SECTION_SUMMARY>
                      <mismo33:INTEGRATED_DISCLOSURE_SECTION_SUMMARY SequenceNumber="3" xlink:label="INTEGRATED_DISCLOSURE_SECTION_SUMMARY_3">
                        <mismo33:INTEGRATED_DISCLOSURE_SECTION_SUMMARY_DETAIL>
                          <mismo33:IntegratedDisclosureSectionTotalAmount>1000</mismo33:IntegratedDisclosureSectionTotalAmount>
                          <mismo33:IntegratedDisclosureSectionType>ServicesBorrowerDidNotShopFor</mismo33:IntegratedDisclosureSectionType>
                        </mismo33:INTEGRATED_DISCLOSURE_SECTION_SUMMARY_DETAIL>
                      </mismo33:INTEGRATED_DISCLOSURE_SECTION_SUMMARY>
                      <mismo33:INTEGRATED_DISCLOSURE_SECTION_SUMMARY SequenceNumber="4" xlink:label="INTEGRATED_DISCLOSURE_SECTION_SUMMARY_4">
                        <mismo33:INTEGRATED_DISCLOSURE_SECTION_SUMMARY_DETAIL>
                          <mismo33:IntegratedDisclosureSectionTotalAmount>0</mismo33:IntegratedDisclosureSectionTotalAmount>
                          <mismo33:IntegratedDisclosureSectionType>ServicesBorrowerDidShopFor</mismo33:IntegratedDisclosureSectionType>
                        </mismo33:INTEGRATED_DISCLOSURE_SECTION_SUMMARY_DETAIL>
                      </mismo33:INTEGRATED_DISCLOSURE_SECTION_SUMMARY>
                      <mismo33:INTEGRATED_DISCLOSURE_SECTION_SUMMARY SequenceNumber="5" xlink:label="INTEGRATED_DISCLOSURE_SECTION_SUMMARY_5">
                        <mismo33:INTEGRATED_DISCLOSURE_SECTION_SUMMARY_DETAIL>
                          <mismo33:IntegratedDisclosureSectionTotalAmount>120</mismo33:IntegratedDisclosureSectionTotalAmount>
                          <mismo33:IntegratedDisclosureSectionType>TaxesAndOtherGovernmentFees</mismo33:IntegratedDisclosureSectionType>
                        </mismo33:INTEGRATED_DISCLOSURE_SECTION_SUMMARY_DETAIL>
                      </mismo33:INTEGRATED_DISCLOSURE_SECTION_SUMMARY>
                      <mismo33:INTEGRATED_DISCLOSURE_SECTION_SUMMARY SequenceNumber="6" xlink:label="INTEGRATED_DISCLOSURE_SECTION_SUMMARY_6">
                        <mismo33:INTEGRATED_DISCLOSURE_SECTION_SUMMARY_DETAIL>
                          <mismo33:IntegratedDisclosureSectionTotalAmount>0</mismo33:IntegratedDisclosureSectionTotalAmount>
                          <mismo33:IntegratedDisclosureSectionType>OtherCosts</mismo33:IntegratedDisclosureSectionType>
                        </mismo33:INTEGRATED_DISCLOSURE_SECTION_SUMMARY_DETAIL>
                      </mismo33:INTEGRATED_DISCLOSURE_SECTION_SUMMARY>
                      <mismo33:INTEGRATED_DISCLOSURE_SECTION_SUMMARY SequenceNumber="7" xlink:label="INTEGRATED_DISCLOSURE_SECTION_SUMMARY_7">
                        <mismo33:INTEGRATED_DISCLOSURE_SECTION_SUMMARY_DETAIL>
                          <mismo33:IntegratedDisclosureSectionTotalAmount>3264</mismo33:IntegratedDisclosureSectionTotalAmount>
                          <mismo33:IntegratedDisclosureSectionType>InitialEscrowPaymentAtClosing</mismo33:IntegratedDisclosureSectionType>
                        </mismo33:INTEGRATED_DISCLOSURE_SECTION_SUMMARY_DETAIL>
                      </mismo33:INTEGRATED_DISCLOSURE_SECTION_SUMMARY>
                      <mismo33:INTEGRATED_DISCLOSURE_SECTION_SUMMARY SequenceNumber="8" xlink:label="INTEGRATED_DISCLOSURE_SECTION_SUMMARY_8">
                        <mismo33:INTEGRATED_DISCLOSURE_SECTION_SUMMARY_DETAIL>
                          <mismo33:IntegratedDisclosureSectionTotalAmount>2691</mismo33:IntegratedDisclosureSectionTotalAmount>
                          <mismo33:IntegratedDisclosureSectionType>TotalLoanCosts</mismo33:IntegratedDisclosureSectionType>
                          <mismo33:IntegratedDisclosureSubsectionType>LoanCostsSubtotal</mismo33:IntegratedDisclosureSubsectionType>
                        </mismo33:INTEGRATED_DISCLOSURE_SECTION_SUMMARY_DETAIL>
                        <mismo33:INTEGRATED_DISCLOSURE_SUBSECTION_PAYMENTS>
                          <mismo33:INTEGRATED_DISCLOSURE_SUBSECTION_PAYMENT SequenceNumber="1" xlink:label="INTEGRATED_DISCLOSURE_SUBSECTION_PAYMENTY_1">
                            <mismo33:IntegratedDisclosureSubsectionPaidByType>Buyer</mismo33:IntegratedDisclosureSubsectionPaidByType>
                            <mismo33:IntegratedDisclosureSubsectionPaymentAmount>2679.75</mismo33:IntegratedDisclosureSubsectionPaymentAmount>
                            <mismo33:IntegratedDisclosureSubsectionPaymentTimingType>AtClosing</mismo33:IntegratedDisclosureSubsectionPaymentTimingType>
                          </mismo33:INTEGRATED_DISCLOSURE_SUBSECTION_PAYMENT>
                          <mismo33:INTEGRATED_DISCLOSURE_SUBSECTION_PAYMENT SequenceNumber="2" xlink:label="INTEGRATED_DISCLOSURE_SUBSECTION_PAYMENTY_2">
                            <mismo33:IntegratedDisclosureSubsectionPaidByType>Buyer</mismo33:IntegratedDisclosureSubsectionPaidByType>
                            <mismo33:IntegratedDisclosureSubsectionPaymentAmount>11</mismo33:IntegratedDisclosureSubsectionPaymentAmount>
                            <mismo33:IntegratedDisclosureSubsectionPaymentTimingType>BeforeClosing</mismo33:IntegratedDisclosureSubsectionPaymentTimingType>
                          </mismo33:INTEGRATED_DISCLOSURE_SUBSECTION_PAYMENT>
                        </mismo33:INTEGRATED_DISCLOSURE_SUBSECTION_PAYMENTS>
                      </mismo33:INTEGRATED_DISCLOSURE_SECTION_SUMMARY>
                      <mismo33:INTEGRATED_DISCLOSURE_SECTION_SUMMARY SequenceNumber="9" xlink:label="INTEGRATED_DISCLOSURE_SECTION_SUMMARY_9">
                        <mismo33:INTEGRATED_DISCLOSURE_SECTION_SUMMARY_DETAIL>
                          <mismo33:IntegratedDisclosureSectionTotalAmount>6640</mismo33:IntegratedDisclosureSectionTotalAmount>
                          <mismo33:IntegratedDisclosureSectionType>TotalOtherCosts</mismo33:IntegratedDisclosureSectionType>
                          <mismo33:IntegratedDisclosureSubsectionType>OtherCostsSubtotal</mismo33:IntegratedDisclosureSubsectionType>
                        </mismo33:INTEGRATED_DISCLOSURE_SECTION_SUMMARY_DETAIL>
                        <mismo33:INTEGRATED_DISCLOSURE_SUBSECTION_PAYMENTS>
                          <mismo33:INTEGRATED_DISCLOSURE_SUBSECTION_PAYMENT SequenceNumber="3" xlink:label="INTEGRATED_DISCLOSURE_SUBSECTION_PAYMENTY_3">
                            <mismo33:IntegratedDisclosureSubsectionPaidByType>Buyer</mismo33:IntegratedDisclosureSubsectionPaidByType>
                            <mismo33:IntegratedDisclosureSubsectionPaymentAmount>6640</mismo33:IntegratedDisclosureSubsectionPaymentAmount>
                            <mismo33:IntegratedDisclosureSubsectionPaymentTimingType>AtClosing</mismo33:IntegratedDisclosureSubsectionPaymentTimingType>
                          </mismo33:INTEGRATED_DISCLOSURE_SUBSECTION_PAYMENT>
                        </mismo33:INTEGRATED_DISCLOSURE_SUBSECTION_PAYMENTS>
                      </mismo33:INTEGRATED_DISCLOSURE_SECTION_SUMMARY>
                      <mismo33:INTEGRATED_DISCLOSURE_SECTION_SUMMARY SequenceNumber="10" xlink:label="INTEGRATED_DISCLOSURE_SECTION_SUMMARY_10">
                        <mismo33:INTEGRATED_DISCLOSURE_SECTION_SUMMARY_DETAIL>
                          <mismo33:IntegratedDisclosureSectionType>TotalClosingCosts</mismo33:IntegratedDisclosureSectionType>
                          <mismo33:IntegratedDisclosureSubsectionType>LenderCredits</mismo33:IntegratedDisclosureSubsectionType>
                          <mismo33:LenderCreditToleranceCureAmount>0</mismo33:LenderCreditToleranceCureAmount>
                        </mismo33:INTEGRATED_DISCLOSURE_SECTION_SUMMARY_DETAIL>
                        <mismo33:INTEGRATED_DISCLOSURE_SUBSECTION_PAYMENTS>
                          <mismo33:INTEGRATED_DISCLOSURE_SUBSECTION_PAYMENT SequenceNumber="4" xlink:label="INTEGRATED_DISCLOSURE_SUBSECTION_PAYMENTY_4">
                            <mismo33:IntegratedDisclosureSubsectionPaidByType>Buyer</mismo33:IntegratedDisclosureSubsectionPaidByType>
                            <mismo33:IntegratedDisclosureSubsectionPaymentAmount>0</mismo33:IntegratedDisclosureSubsectionPaymentAmount>
                            <mismo33:IntegratedDisclosureSubsectionPaymentTimingType>AtClosing</mismo33:IntegratedDisclosureSubsectionPaymentTimingType>
                          </mismo33:INTEGRATED_DISCLOSURE_SUBSECTION_PAYMENT>
                        </mismo33:INTEGRATED_DISCLOSURE_SUBSECTION_PAYMENTS>
                      </mismo33:INTEGRATED_DISCLOSURE_SECTION_SUMMARY>
                      <mismo33:INTEGRATED_DISCLOSURE_SECTION_SUMMARY SequenceNumber="11" xlink:label="INTEGRATED_DISCLOSURE_SECTION_SUMMARY_11">
                        <mismo33:INTEGRATED_DISCLOSURE_SECTION_SUMMARY_DETAIL>
                          <mismo33:IntegratedDisclosureSectionTotalAmount>9331</mismo33:IntegratedDisclosureSectionTotalAmount>
                          <mismo33:IntegratedDisclosureSectionType>TotalClosingCosts</mismo33:IntegratedDisclosureSectionType>
                          <mismo33:IntegratedDisclosureSubsectionType>ClosingCostsSubtotal</mismo33:IntegratedDisclosureSubsectionType>
                        </mismo33:INTEGRATED_DISCLOSURE_SECTION_SUMMARY_DETAIL>
                        <mismo33:INTEGRATED_DISCLOSURE_SUBSECTION_PAYMENTS>
                          <mismo33:INTEGRATED_DISCLOSURE_SUBSECTION_PAYMENT SequenceNumber="5" xlink:label="INTEGRATED_DISCLOSURE_SUBSECTION_PAYMENTY_5">
                            <mismo33:IntegratedDisclosureSubsectionPaidByType>Buyer</mismo33:IntegratedDisclosureSubsectionPaidByType>
                            <mismo33:IntegratedDisclosureSubsectionPaymentAmount>9319.75</mismo33:IntegratedDisclosureSubsectionPaymentAmount>
                            <mismo33:IntegratedDisclosureSubsectionPaymentTimingType>AtClosing</mismo33:IntegratedDisclosureSubsectionPaymentTimingType>
                          </mismo33:INTEGRATED_DISCLOSURE_SUBSECTION_PAYMENT>
                          <mismo33:INTEGRATED_DISCLOSURE_SUBSECTION_PAYMENT SequenceNumber="6" xlink:label="INTEGRATED_DISCLOSURE_SUBSECTION_PAYMENTY_6">
                            <mismo33:IntegratedDisclosureSubsectionPaidByType>Buyer</mismo33:IntegratedDisclosureSubsectionPaidByType>
                            <mismo33:IntegratedDisclosureSubsectionPaymentAmount>11</mismo33:IntegratedDisclosureSubsectionPaymentAmount>
                            <mismo33:IntegratedDisclosureSubsectionPaymentTimingType>BeforeClosing</mismo33:IntegratedDisclosureSubsectionPaymentTimingType>
                          </mismo33:INTEGRATED_DISCLOSURE_SUBSECTION_PAYMENT>
                        </mismo33:INTEGRATED_DISCLOSURE_SUBSECTION_PAYMENTS>
                      </mismo33:INTEGRATED_DISCLOSURE_SECTION_SUMMARY>
                    </mismo33:INTEGRATED_DISCLOSURE_SECTION_SUMMARIES>
                    <mismo33:PROJECTED_PAYMENTS>
                      <mismo33:PROJECTED_PAYMENT SequenceNumber="1" xlink:label="PROJECTED_PAYMENT_1">
                        <mismo33:PaymentFrequencyType>Monthly</mismo33:PaymentFrequencyType>
                        <mismo33:ProjectedPaymentCalculationPeriodEndNumber>30</mismo33:ProjectedPaymentCalculationPeriodEndNumber>
                        <mismo33:ProjectedPaymentCalculationPeriodStartNumber>1</mismo33:ProjectedPaymentCalculationPeriodStartNumber>
                        <mismo33:ProjectedPaymentCalculationPeriodTermType>Yearly</mismo33:ProjectedPaymentCalculationPeriodTermType>
                        <mismo33:ProjectedPaymentEstimatedEscrowPaymentAmount>541.96</mismo33:ProjectedPaymentEstimatedEscrowPaymentAmount>
                        <mismo33:ProjectedPaymentEstimatedTotalMaximumPaymentAmount>1506.63</mismo33:ProjectedPaymentEstimatedTotalMaximumPaymentAmount>
                        <mismo33:ProjectedPaymentEstimatedTotalMinimumPaymentAmount>1506.63</mismo33:ProjectedPaymentEstimatedTotalMinimumPaymentAmount>
                        <mismo33:ProjectedPaymentMIPaymentAmount>0</mismo33:ProjectedPaymentMIPaymentAmount>
                        <mismo33:ProjectedPaymentPrincipalAndInterestMaximumPaymentAmount>964.67</mismo33:ProjectedPaymentPrincipalAndInterestMaximumPaymentAmount>
                        <mismo33:ProjectedPaymentPrincipalAndInterestMinimumPaymentAmount>964.67</mismo33:ProjectedPaymentPrincipalAndInterestMinimumPaymentAmount>
                      </mismo33:PROJECTED_PAYMENT>
                    </mismo33:PROJECTED_PAYMENTS>
                  </mismo33:INTEGRATED_DISCLOSURE>
                </mismo33:DOCUMENT_SPECIFIC_DATA_SET>
              </mismo33:DOCUMENT_SPECIFIC_DATA_SETS>
              <mismo33:ESCROW>
                <mismo33:ESCROW_DETAIL>
                  <mismo33:EscrowAggregateAccountingAdjustmentAmount>441.66</mismo33:EscrowAggregateAccountingAdjustmentAmount>
                </mismo33:ESCROW_DETAIL>
                <mismo33:ESCROW_ITEMS>
                  <mismo33:ESCROW_ITEM xmlns:realec33="http://www.realec.com/2013/schemas/Integrations/3.3" SequenceNumber="1" xlink:label="ESCROW_ITEM_1">
                    <mismo33:ESCROW_ITEM_DETAIL>
                      <mismo33:EscrowCollectedNumberOfMonthsCount>7</mismo33:EscrowCollectedNumberOfMonthsCount>
                      <mismo33:EscrowItemCategoryType DisplayLabelText="County Tax">PropertyTaxes</mismo33:EscrowItemCategoryType>
                      <mismo33:EscrowMonthlyPaymentAmount>453.63</mismo33:EscrowMonthlyPaymentAmount>
                      <mismo33:FeePaidToType>ThirdPartyProvider</mismo33:FeePaidToType>
                      <mismo33:IntegratedDisclosureSectionType>InitialEscrowPaymentAtClosing</mismo33:IntegratedDisclosureSectionType>
                    </mismo33:ESCROW_ITEM_DETAIL>
                    <mismo33:ESCROW_ITEM_PAYMENTS>
                      <mismo33:ESCROW_ITEM_PAYMENT SequenceNumber="1" xlink:label="ESCROW_ITEM_PAYMENT_1">
                        <mismo33:EscrowItemActualPaymentAmount>3175.41</mismo33:EscrowItemActualPaymentAmount>
                        <mismo33:EscrowItemPaymentPaidByType>Buyer</mismo33:EscrowItemPaymentPaidByType>
                      </mismo33:ESCROW_ITEM_PAYMENT>
                    </mismo33:ESCROW_ITEM_PAYMENTS>
                  </mismo33:ESCROW_ITEM>
                  <mismo33:ESCROW_ITEM xmlns:realec33="http://www.realec.com/2013/schemas/Integrations/3.3" SequenceNumber="2" xlink:label="ESCROW_ITEM_2">
                    <mismo33:ESCROW_ITEM_DETAIL>
                      <mismo33:EscrowCollectedNumberOfMonthsCount>6</mismo33:EscrowCollectedNumberOfMonthsCount>
                      <mismo33:EscrowItemCategoryType DisplayLabelText="Hazard/Home Owners Insurance">HomeownersInsurance</mismo33:EscrowItemCategoryType>
                      <mismo33:EscrowMonthlyPaymentAmount>88.33</mismo33:EscrowMonthlyPaymentAmount>
                      <mismo33:FeePaidToType>ThirdPartyProvider</mismo33:FeePaidToType>
                      <mismo33:IntegratedDisclosureSectionType>InitialEscrowPaymentAtClosing</mismo33:IntegratedDisclosureSectionType>
                    </mismo33:ESCROW_ITEM_DETAIL>
                    <mismo33:ESCROW_ITEM_PAYMENTS>
                      <mismo33:ESCROW_ITEM_PAYMENT SequenceNumber="2" xlink:label="ESCROW_ITEM_PAYMENT_2">
                        <mismo33:EscrowItemActualPaymentAmount>529.98</mismo33:EscrowItemActualPaymentAmount>
                        <mismo33:EscrowItemPaymentPaidByType>Buyer</mismo33:EscrowItemPaymentPaidByType>
                      </mismo33:ESCROW_ITEM_PAYMENT>
                    </mismo33:ESCROW_ITEM_PAYMENTS>
                  </mismo33:ESCROW_ITEM>
                </mismo33:ESCROW_ITEMS>
              </mismo33:ESCROW>
              <mismo33:FEE_INFORMATION>
                <mismo33:FEES>
                  <mismo33:FEE xmlns:realec33="http://www.realec.com/2013/schemas/Integrations/3.3" SequenceNumber="1" xlink:label="FEE_0802">
                    <mismo33:FEE_DETAIL>
                      <mismo33:FeeActualTotalAmount>520.75</mismo33:FeeActualTotalAmount>
                      <mismo33:FeePaidToType>Lender</mismo33:FeePaidToType>
                      <mismo33:FeePercentBasisType>OriginalLoanAmount</mismo33:FeePercentBasisType>
                      <mismo33:FeeTotalPercent>0.25</mismo33:FeeTotalPercent>
                      <mismo33:FeeType DisplayLabelText="Discount Points">LoanDiscountPoints</mismo33:FeeType>
                      <mismo33:IntegratedDisclosureSectionType>OriginationCharges</mismo33:IntegratedDisclosureSectionType>
                      <mismo33:OptionalCostIndicator>false</mismo33:OptionalCostIndicator>
                    </mismo33:FEE_DETAIL>
                    <mismo33:FEE_PAID_TO>
                      <mismo33:LEGAL_ENTITY>
                        <mismo33:LEGAL_ENTITY_DETAIL>
                          <mismo33:FullName>Wells Fargo Bank, N.A.</mismo33:FullName>
                        </mismo33:LEGAL_ENTITY_DETAIL>
                      </mismo33:LEGAL_ENTITY>
                    </mismo33:FEE_PAID_TO>
                    <mismo33:FEE_PAYMENTS>
                      <mismo33:FEE_PAYMENT SequenceNumber="1" xlink:label="FEE_PAYMENT_1">
                        <mismo33:FeeActualPaymentAmount>520.75</mismo33:FeeActualPaymentAmount>
                        <mismo33:FeePaymentPaidByType>Buyer</mismo33:FeePaymentPaidByType>
                        <mismo33:FeePaymentPaidOutsideOfClosingIndicator>false</mismo33:FeePaymentPaidOutsideOfClosingIndicator>
                      </mismo33:FEE_PAYMENT>
                    </mismo33:FEE_PAYMENTS>
                  </mismo33:FEE>
                  <mismo33:FEE xmlns:realec33="http://www.realec.com/2013/schemas/Integrations/3.3" SequenceNumber="2" xlink:label="FEE_0804">
                    <mismo33:FEE_DETAIL>
                      <mismo33:FeeActualTotalAmount>22</mismo33:FeeActualTotalAmount>
                      <mismo33:FeePaidToType>ThirdPartyProvider</mismo33:FeePaidToType>
                      <mismo33:FeeType DisplayLabelText="Tri-Merge Credit Report">CreditReportFee</mismo33:FeeType>
                      <mismo33:IntegratedDisclosureSectionType>ServicesBorrowerDidNotShopFor</mismo33:IntegratedDisclosureSectionType>
                      <mismo33:OptionalCostIndicator>false</mismo33:OptionalCostIndicator>
                    </mismo33:FEE_DETAIL>
                    <mismo33:FEE_PAID_TO>
                      <mismo33:LEGAL_ENTITY>
                        <mismo33:LEGAL_ENTITY_DETAIL>
                          <mismo33:FullName>CoreLogic Credco, LLC</mismo33:FullName>
                        </mismo33:LEGAL_ENTITY_DETAIL>
                      </mismo33:LEGAL_ENTITY>
                    </mismo33:FEE_PAID_TO>
                    <mismo33:FEE_PAYMENTS>
                      <mismo33:FEE_PAYMENT SequenceNumber="2" xlink:label="FEE_PAYMENT_2">
                        <mismo33:FeeActualPaymentAmount>11</mismo33:FeeActualPaymentAmount>
                        <mismo33:FeePaymentPaidByType>Buyer</mismo33:FeePaymentPaidByType>
                        <mismo33:FeePaymentPaidOutsideOfClosingIndicator>false</mismo33:FeePaymentPaidOutsideOfClosingIndicator>
                      </mismo33:FEE_PAYMENT>
                      <mismo33:FEE_PAYMENT SequenceNumber="3" xlink:label="FEE_PAYMENT_3">
                        <mismo33:FeeActualPaymentAmount>11</mismo33:FeeActualPaymentAmount>
                        <mismo33:FeePaymentPaidByType>Buyer</mismo33:FeePaymentPaidByType>
                        <mismo33:FeePaymentPaidOutsideOfClosingIndicator>true</mismo33:FeePaymentPaidOutsideOfClosingIndicator>
                      </mismo33:FEE_PAYMENT>
                    </mismo33:FEE_PAYMENTS>
                  </mismo33:FEE>
                  <mismo33:FEE xmlns:realec33="http://www.realec.com/2013/schemas/Integrations/3.3" SequenceNumber="3" xlink:label="FEE_0810">
                    <mismo33:FEE_DETAIL>
                      <mismo33:FeeActualTotalAmount>995</mismo33:FeeActualTotalAmount>
                      <mismo33:FeePaidToType>Lender</mismo33:FeePaidToType>
                      <mismo33:FeeType DisplayLabelText="Processing">ProcessingFee</mismo33:FeeType>
                      <mismo33:IntegratedDisclosureSectionType>OriginationCharges</mismo33:IntegratedDisclosureSectionType>
                      <mismo33:OptionalCostIndicator>false</mismo33:OptionalCostIndicator>
                    </mismo33:FEE_DETAIL>
                    <mismo33:FEE_PAID_TO>
                      <mismo33:LEGAL_ENTITY>
                        <mismo33:LEGAL_ENTITY_DETAIL>
                          <mismo33:FullName>Wells Fargo Bank, N.A.</mismo33:FullName>
                        </mismo33:LEGAL_ENTITY_DETAIL>
                      </mismo33:LEGAL_ENTITY>
                    </mismo33:FEE_PAID_TO>
                    <mismo33:FEE_PAYMENTS>
                      <mismo33:FEE_PAYMENT SequenceNumber="4" xlink:label="FEE_PAYMENT_4">
                        <mismo33:FeeActualPaymentAmount>995</mismo33:FeeActualPaymentAmount>
                        <mismo33:FeePaymentPaidByType>Buyer</mismo33:FeePaymentPaidByType>
                        <mismo33:FeePaymentPaidOutsideOfClosingIndicator>false</mismo33:FeePaymentPaidOutsideOfClosingIndicator>
                      </mismo33:FEE_PAYMENT>
                    </mismo33:FEE_PAYMENTS>
                  </mismo33:FEE>
                  <mismo33:FEE xmlns:realec33="http://www.realec.com/2013/schemas/Integrations/3.3" SequenceNumber="4" xlink:label="FEE_1101">
                    <mismo33:FEE_DETAIL>
                      <mismo33:FeeActualTotalAmount>375</mismo33:FeeActualTotalAmount>
                      <mismo33:FeePaidToType>ThirdPartyProvider</mismo33:FeePaidToType>
                      <mismo33:FeeType DisplayLabelText="Title-Closing/Escrow">TitleClosingFee</mismo33:FeeType>
                      <mismo33:IntegratedDisclosureSectionType>ServicesBorrowerDidNotShopFor</mismo33:IntegratedDisclosureSectionType>
                      <mismo33:OptionalCostIndicator>false</mismo33:OptionalCostIndicator>
                    </mismo33:FEE_DETAIL>
                    <mismo33:FEE_PAYMENTS>
                      <mismo33:FEE_PAYMENT SequenceNumber="5" xlink:label="FEE_PAYMENT_5">
                        <mismo33:FeeActualPaymentAmount>375</mismo33:FeeActualPaymentAmount>
                        <mismo33:FeePaymentPaidByType>Buyer</mismo33:FeePaymentPaidByType>
                        <mismo33:FeePaymentPaidOutsideOfClosingIndicator>false</mismo33:FeePaymentPaidOutsideOfClosingIndicator>
                      </mismo33:FEE_PAYMENT>
                    </mismo33:FEE_PAYMENTS>
                  </mismo33:FEE>
                  <mismo33:FEE xmlns:realec33="http://www.realec.com/2013/schemas/Integrations/3.3" SequenceNumber="5" xlink:label="FEE_1109">
                    <mismo33:FEE_DETAIL>
                      <mismo33:FeeActualTotalAmount>525</mismo33:FeeActualTotalAmount>
                      <mismo33:FeePaidToType>ThirdPartyProvider</mismo33:FeePaidToType>
                      <mismo33:FeeType DisplayLabelText="Title-Lender's Policy">TitleLendersCoveragePremium</mismo33:FeeType>
                      <mismo33:IntegratedDisclosureSectionType>ServicesBorrowerDidNotShopFor</mismo33:IntegratedDisclosureSectionType>
                      <mismo33:OptionalCostIndicator>false</mismo33:OptionalCostIndicator>
                    </mismo33:FEE_DETAIL>
                    <mismo33:FEE_PAYMENTS>
                      <mismo33:FEE_PAYMENT SequenceNumber="6" xlink:label="FEE_PAYMENT_6">
                        <mismo33:FeeActualPaymentAmount>525</mismo33:FeeActualPaymentAmount>
                        <mismo33:FeePaymentPaidByType>Buyer</mismo33:FeePaymentPaidByType>
                        <mismo33:FeePaymentPaidOutsideOfClosingIndicator>false</mismo33:FeePaymentPaidOutsideOfClosingIndicator>
                      </mismo33:FEE_PAYMENT>
                    </mismo33:FEE_PAYMENTS>
                  </mismo33:FEE>
                  <mismo33:FEE xmlns:realec33="http://www.realec.com/2013/schemas/Integrations/3.3" SequenceNumber="6" xlink:label="FEE_1123">
                    <mismo33:FEE_DETAIL>
                      <mismo33:FeeActualTotalAmount>75</mismo33:FeeActualTotalAmount>
                      <mismo33:FeePaidToType>ThirdPartyProvider</mismo33:FeePaidToType>
                      <mismo33:FeeType DisplayLabelText="Title-Clsg Protect Letter">TitleClosingProtectionLetterFee</mismo33:FeeType>
                      <mismo33:IntegratedDisclosureSectionType>ServicesBorrowerDidNotShopFor</mismo33:IntegratedDisclosureSectionType>
                      <mismo33:OptionalCostIndicator>false</mismo33:OptionalCostIndicator>
                    </mismo33:FEE_DETAIL>
                    <mismo33:FEE_PAYMENTS>
                      <mismo33:FEE_PAYMENT SequenceNumber="7" xlink:label="FEE_PAYMENT_7">
                        <mismo33:FeeActualPaymentAmount>75</mismo33:FeeActualPaymentAmount>
                        <mismo33:FeePaymentPaidByType>Buyer</mismo33:FeePaymentPaidByType>
                        <mismo33:FeePaymentPaidOutsideOfClosingIndicator>false</mismo33:FeePaymentPaidOutsideOfClosingIndicator>
                      </mismo33:FEE_PAYMENT>
                    </mismo33:FEE_PAYMENTS>
                  </mismo33:FEE>
                  <mismo33:FEE xmlns:realec33="http://www.realec.com/2013/schemas/Integrations/3.3" SequenceNumber="7" xlink:label="FEE_1167">
                    <mismo33:FEE_DETAIL>
                      <mismo33:FeeActualTotalAmount>3</mismo33:FeeActualTotalAmount>
                      <mismo33:FeePaidToType>ThirdPartyProvider</mismo33:FeePaidToType>
                      <mismo33:FeeType DisplayLabelText="Title-IL Agent Reg Fee">Other</mismo33:FeeType>
                      <mismo33:FeeTypeOtherDescription>TitleILAgentRegFee</mismo33:FeeTypeOtherDescription>
                      <mismo33:IntegratedDisclosureSectionType>ServicesBorrowerDidNotShopFor</mismo33:IntegratedDisclosureSectionType>
                      <mismo33:OptionalCostIndicator>false</mismo33:OptionalCostIndicator>
                    </mismo33:FEE_DETAIL>
                    <mismo33:FEE_PAYMENTS>
                      <mismo33:FEE_PAYMENT SequenceNumber="8" xlink:label="FEE_PAYMENT_8">
                        <mismo33:FeeActualPaymentAmount>3</mismo33:FeeActualPaymentAmount>
                        <mismo33:FeePaymentPaidByType>Buyer</mismo33:FeePaymentPaidByType>
                        <mismo33:FeePaymentPaidOutsideOfClosingIndicator>false</mismo33:FeePaymentPaidOutsideOfClosingIndicator>
                      </mismo33:FEE_PAYMENT>
                    </mismo33:FEE_PAYMENTS>
                  </mismo33:FEE>
                  <mismo33:FEE xmlns:realec33="http://www.realec.com/2013/schemas/Integrations/3.3" SequenceNumber="8" xlink:label="FEE_1202">
                    <mismo33:FEE_DETAIL>
                      <mismo33:FeeActualTotalAmount>59.75</mismo33:FeeActualTotalAmount>
                      <mismo33:FeePaidToType>ThirdPartyProvider</mismo33:FeePaidToType>
                      <mismo33:FeeType DisplayLabelText="Record Mortgage/DOT">RecordingFeeForMortgage</mismo33:FeeType>
                      <mismo33:IntegratedDisclosureSectionType>TaxesAndOtherGovernmentFees</mismo33:IntegratedDisclosureSectionType>
                      <mismo33:OptionalCostIndicator>false</mismo33:OptionalCostIndicator>
                    </mismo33:FEE_DETAIL>
                    <mismo33:FEE_PAYMENTS>
                      <mismo33:FEE_PAYMENT SequenceNumber="9" xlink:label="FEE_PAYMENT_9">
                        <mismo33:FeeActualPaymentAmount>59.75</mismo33:FeeActualPaymentAmount>
                        <mismo33:FeePaymentPaidByType>Buyer</mismo33:FeePaymentPaidByType>
                        <mismo33:FeePaymentPaidOutsideOfClosingIndicator>false</mismo33:FeePaymentPaidOutsideOfClosingIndicator>
                      </mismo33:FEE_PAYMENT>
                    </mismo33:FEE_PAYMENTS>
                  </mismo33:FEE>
                  <mismo33:FEE xmlns:realec33="http://www.realec.com/2013/schemas/Integrations/3.3" SequenceNumber="9" xlink:label="FEE_1218">
                    <mismo33:FEE_DETAIL>
                      <mismo33:FeeActualTotalAmount>59.75</mismo33:FeeActualTotalAmount>
                      <mismo33:FeePaidToType>ThirdPartyProvider</mismo33:FeePaidToType>
                      <mismo33:FeeType DisplayLabelText="Record Miscellaneous">FilingFee</mismo33:FeeType>
                      <mismo33:IntegratedDisclosureSectionType>TaxesAndOtherGovernmentFees</mismo33:IntegratedDisclosureSectionType>
                      <mismo33:OptionalCostIndicator>false</mismo33:OptionalCostIndicator>
                    </mismo33:FEE_DETAIL>
                    <mismo33:FEE_PAYMENTS>
                      <mismo33:FEE_PAYMENT SequenceNumber="10" xlink:label="FEE_PAYMENT_10">
                        <mismo33:FeeActualPaymentAmount>59.75</mismo33:FeeActualPaymentAmount>
                        <mismo33:FeePaymentPaidByType>Buyer</mismo33:FeePaymentPaidByType>
                        <mismo33:FeePaymentPaidOutsideOfClosingIndicator>false</mismo33:FeePaymentPaidOutsideOfClosingIndicator>
                      </mismo33:FEE_PAYMENT>
                    </mismo33:FEE_PAYMENTS>
                  </mismo33:FEE>
                  <mismo33:FEE xmlns:realec33="http://www.realec.com/2013/schemas/Integrations/3.3" SequenceNumber="10" xlink:label="FEE_0822">
                    <mismo33:FEE_DETAIL>
                      <mismo33:FeeActualTotalAmount>175</mismo33:FeeActualTotalAmount>
                      <mismo33:FeePaidToType>Lender</mismo33:FeePaidToType>
                      <mismo33:FeeType DisplayLabelText="Subordination WF Lien">SubordinationFee</mismo33:FeeType>
                      <mismo33:IntegratedDisclosureSectionType>OriginationCharges</mismo33:IntegratedDisclosureSectionType>
                      <mismo33:OptionalCostIndicator>false</mismo33:OptionalCostIndicator>
                    </mismo33:FEE_DETAIL>
                    <mismo33:FEE_PAID_TO>
                      <mismo33:LEGAL_ENTITY>
                        <mismo33:LEGAL_ENTITY_DETAIL>
                          <mismo33:FullName>Wells Fargo Bank, N.A.</mismo33:FullName>
                        </mismo33:LEGAL_ENTITY_DETAIL>
                      </mismo33:LEGAL_ENTITY>
                    </mismo33:FEE_PAID_TO>
                    <mismo33:FEE_PAYMENTS>
                      <mismo33:FEE_PAYMENT SequenceNumber="11" xlink:label="FEE_PAYMENT_11">
                        <mismo33:FeeActualPaymentAmount>175</mismo33:FeeActualPaymentAmount>
                        <mismo33:FeePaymentPaidByType>Buyer</mismo33:FeePaymentPaidByType>
                        <mismo33:FeePaymentPaidOutsideOfClosingIndicator>false</mismo33:FeePaymentPaidOutsideOfClosingIndicator>
                      </mismo33:FEE_PAYMENT>
                    </mismo33:FEE_PAYMENTS>
                  </mismo33:FEE>
                </mismo33:FEES>
                <mismo33:FEES_SUMMARY>
                  <mismo33:FEE_SUMMARY_DETAIL>
                    <mismo33:APRPercent>3.836</mismo33:APRPercent>
                    <mismo33:FeeSummaryTotalAmountFinancedAmount>205564.5</mismo33:FeeSummaryTotalAmountFinancedAmount>
                    <mismo33:FeeSummaryTotalFinanceChargeAmount>141716.85</mismo33:FeeSummaryTotalFinanceChargeAmount>
                    <mismo33:FeeSummaryTotalInterestPercent>66.979</mismo33:FeeSummaryTotalInterestPercent>
                    <mismo33:FeeSummaryTotalOfAllPaymentsAmount>350507.1</mismo33:FeeSummaryTotalOfAllPaymentsAmount>
                  </mismo33:FEE_SUMMARY_DETAIL>
                </mismo33:FEES_SUMMARY>
              </mismo33:FEE_INFORMATION>
              <mismo33:FORECLOSURES>
                <mismo33:FORECLOSURE SequenceNumber="1">
                  <mismo33:FORECLOSURE_DETAIL>
                    <mismo33:DeficiencyRightsPreservedIndicator>false</mismo33:DeficiencyRightsPreservedIndicator>
                  </mismo33:FORECLOSURE_DETAIL>
                </mismo33:FORECLOSURE>
              </mismo33:FORECLOSURES>
              <mismo33:LATE_CHARGE>
                <mismo33:LATE_CHARGE_RULE>
                  <mismo33:LateChargeGracePeriodDaysCount>15</mismo33:LateChargeGracePeriodDaysCount>
                  <mismo33:LateChargeRatePercent>5</mismo33:LateChargeRatePercent>
                  <mismo33:LateChargeType>PercentOfPrincipalAndInterest</mismo33:LateChargeType>
                </mismo33:LATE_CHARGE_RULE>
              </mismo33:LATE_CHARGE>
              <mismo33:LOAN_DETAIL>
                <mismo33:AssumabilityIndicator>false</mismo33:AssumabilityIndicator>
                <mismo33:BalloonIndicator>false</mismo33:BalloonIndicator>
                <mismo33:BuydownTemporarySubsidyFundingIndicator>false</mismo33:BuydownTemporarySubsidyFundingIndicator>
                <mismo33:ConstructionLoanIndicator>false</mismo33:ConstructionLoanIndicator>
                <mismo33:DemandFeatureIndicator>false</mismo33:DemandFeatureIndicator>
                <mismo33:EscrowIndicator>true</mismo33:EscrowIndicator>
                <mismo33:InterestOnlyIndicator>false</mismo33:InterestOnlyIndicator>
                <mismo33:InterestRateIncreaseIndicator>false</mismo33:InterestRateIncreaseIndicator>
                <mismo33:LoanAmountIncreaseIndicator>false</mismo33:LoanAmountIncreaseIndicator>
                <mismo33:MIRequiredIndicator>false</mismo33:MIRequiredIndicator>
                <mismo33:NegativeAmortizationIndicator>false</mismo33:NegativeAmortizationIndicator>
                <mismo33:PaymentIncreaseIndicator>false</mismo33:PaymentIncreaseIndicator>
                <mismo33:PrepaymentPenaltyIndicator>false</mismo33:PrepaymentPenaltyIndicator>
                <mismo33:SeasonalPaymentFeatureIndicator>false</mismo33:SeasonalPaymentFeatureIndicator>
                <mismo33:TotalSubordinateFinancingAmount>35545</mismo33:TotalSubordinateFinancingAmount>
              </mismo33:LOAN_DETAIL>
              <mismo33:LOAN_IDENTIFIERS>
                <mismo33:LOAN_IDENTIFIER SequenceNumber="1" xlink:label="LOAN_IDENTIFIER_1">
                  <mismo33:LoanIdentifier IdentifierOwnerURI="urn:fdc:lender.com:2013:LDD:LoanID">0494315385</mismo33:LoanIdentifier>
                  <mismo33:LoanIdentifierType>LenderLoan</mismo33:LoanIdentifierType>
                </mismo33:LOAN_IDENTIFIER>
              </mismo33:LOAN_IDENTIFIERS>
              <mismo33:MATURITY>
                <mismo33:MATURITY_RULE>
                  <mismo33:LoanMaturityPeriodCount>360</mismo33:LoanMaturityPeriodCount>
                  <mismo33:LoanMaturityPeriodType>Month</mismo33:LoanMaturityPeriodType>
                  <mismo33:LoanTermMaximumMonthsCount>360</mismo33:LoanTermMaximumMonthsCount>
                </mismo33:MATURITY_RULE>
              </mismo33:MATURITY>
              <mismo33:ORIGINATION_SYSTEMS>
                <mismo33:ORIGINATION_SYSTEM>
                  <mismo33:LoanOriginationSystemName>CORE</mismo33:LoanOriginationSystemName>
                </mismo33:ORIGINATION_SYSTEM>
              </mismo33:ORIGINATION_SYSTEMS>
              <mismo33:PAYMENT>
                <mismo33:PAYMENT_RULE>
                  <mismo33:FullyIndexedInitialPrincipalAndInterestPaymentAmount>578.62</mismo33:FullyIndexedInitialPrincipalAndInterestPaymentAmount>
                  <mismo33:InitialPrincipalAndInterestPaymentAmount>964.67</mismo33:InitialPrincipalAndInterestPaymentAmount>
                  <mismo33:PartialPaymentAllowedIndicator>false</mismo33:PartialPaymentAllowedIndicator>
                  <mismo33:PaymentFrequencyType>Monthly</mismo33:PaymentFrequencyType>
                  <mismo33:PaymentOptionIndicator>false</mismo33:PaymentOptionIndicator>
                </mismo33:PAYMENT_RULE>
              </mismo33:PAYMENT>
              <mismo33:TERMS_OF_LOAN>
                <mismo33:LienPriorityType>FirstLien</mismo33:LienPriorityType>
                <mismo33:LoanPurposeType>Refinance</mismo33:LoanPurposeType>
                <mismo33:MortgageType>Conventional</mismo33:MortgageType>
                <mismo33:NoteAmount>208300</mismo33:NoteAmount>
                <mismo33:NoteRatePercent>3.75</mismo33:NoteRatePercent>
              </mismo33:TERMS_OF_LOAN>
            </mismo33:LOAN>
          </mismo33:LOANS>
          <mismo33:PARTIES>
            <mismo33:PARTY xmlns:xlink="http://www.w3.org/1999/xlink" SequenceNumber="1" xlink:label="PARTY_1">
              <mismo33:LEGAL_ENTITY>
                <mismo33:LEGAL_ENTITY_DETAIL>
                  <mismo33:FullName>CSTMR SRVC RETENTION</mismo33:FullName>
                </mismo33:LEGAL_ENTITY_DETAIL>
              </mismo33:LEGAL_ENTITY>
              <mismo33:ROLES>
                <mismo33:ROLE SequenceNumber="1" xlink:label="ROLE_LenderBranch_LegalEntity_0033255">
                  <mismo33:PARTY_ROLE_IDENTIFIERS>
                    <mismo33:PARTY_ROLE_IDENTIFIER SequenceNumber="1" xlink:label="PARTY_ROLE_IDENTIFIER_1">
                      <mismo33:PartyRoleIdentifier IdentifierOwnerURI="urn:fdc:wellsfargo.com:2013">0033255</mismo33:PartyRoleIdentifier>
                    </mismo33:PARTY_ROLE_IDENTIFIER>
                  </mismo33:PARTY_ROLE_IDENTIFIERS>
                  <mismo33:ROLE_DETAIL>
                    <mismo33:PartyRoleType>LenderBranch</mismo33:PartyRoleType>
                  </mismo33:ROLE_DETAIL>
                </mismo33:ROLE>
              </mismo33:ROLES>
            </mismo33:PARTY>
            <mismo33:PARTY xmlns:realec33="http://www.realec.com/2013/schemas/Integrations/3.3" xmlns:xlink="http://www.w3.org/1999/xlink" SequenceNumber="2" xlink:label="PARTY_2">
              <mismo33:INDIVIDUAL>
                <mismo33:NAME>
                  <mismo33:FirstName>Nana</mismo33:FirstName>
                  <mismo33:LastName>Bonsu</mismo33:LastName>
                  <mismo33:MiddleName>KariKari</mismo33:MiddleName>
                </mismo33:NAME>
              </mismo33:INDIVIDUAL>
              <mismo33:ADDRESSES>
                <mismo33:ADDRESS SequenceNumber="1" xlink:label="ADDRESS_1">
                  <mismo33:AddressLineText>3411 MUSTANG RD</mismo33:AddressLineText>
                  <mismo33:AddressType>Mailing</mismo33:AddressType>
                  <mismo33:CityName>JOLIET</mismo33:CityName>
                  <mismo33:CountryCode>US</mismo33:CountryCode>
                  <mismo33:PostalCode>604358746</mismo33:PostalCode>
                  <mismo33:StateCode>IL</mismo33:StateCode>
                </mismo33:ADDRESS>
              </mismo33:ADDRESSES>
              <mismo33:ROLES>
                <mismo33:ROLE SequenceNumber="1" xlink:label="ROLE_Borrower_Individual_419621392231110">
                  <mismo33:BORROWER>
                    <mismo33:BORROWER_DETAIL>
                      <mismo33:BorrowerClassificationType>Primary</mismo33:BorrowerClassificationType>
                    </mismo33:BORROWER_DETAIL>
                  </mismo33:BORROWER>
                  <mismo33:PARTY_ROLE_IDENTIFIERS>
                    <mismo33:PARTY_ROLE_IDENTIFIER SequenceNumber="2" xlink:label="PARTY_ROLE_IDENTIFIER_2">
                      <mismo33:PartyRoleIdentifier IdentifierOwnerURI="urn:fdc:wellsfargo.com:2013">419621392231110</mismo33:PartyRoleIdentifier>
                    </mismo33:PARTY_ROLE_IDENTIFIER>
                  </mismo33:PARTY_ROLE_IDENTIFIERS>
                  <mismo33:ROLE_DETAIL>
                    <mismo33:PartyRoleType>Borrower</mismo33:PartyRoleType>
                  </mismo33:ROLE_DETAIL>
                </mismo33:ROLE>
              </mismo33:ROLES>
            </mismo33:PARTY>
            <mismo33:PARTY xmlns:realec33="http://www.realec.com/2013/schemas/Integrations/3.3" xmlns:xlink="http://www.w3.org/1999/xlink" SequenceNumber="3" xlink:label="PARTY_3">
              <mismo33:INDIVIDUAL>
                <mismo33:NAME>
                  <mismo33:FirstName>Perpectual</mismo33:FirstName>
                  <mismo33:LastName>Bempah</mismo33:LastName>
                  <mismo33:MiddleName>O</mismo33:MiddleName>
                </mismo33:NAME>
              </mismo33:INDIVIDUAL>
              <mismo33:ADDRESSES>
                <mismo33:ADDRESS SequenceNumber="1" xlink:label="ADDRESS_1">
                  <mismo33:AddressLineText>3411 MUSTANG RD</mismo33:AddressLineText>
                  <mismo33:AddressType>Mailing</mismo33:AddressType>
                  <mismo33:CityName>JOLIET</mismo33:CityName>
                  <mismo33:CountryCode>US</mismo33:CountryCode>
                  <mismo33:PostalCode>604358746</mismo33:PostalCode>
                  <mismo33:StateCode>IL</mismo33:StateCode>
                </mismo33:ADDRESS>
              </mismo33:ADDRESSES>
              <mismo33:ROLES>
                <mismo33:ROLE SequenceNumber="1" xlink:label="ROLE_Borrower_Individual_358150612016360">
                  <mismo33:BORROWER>
                    <mismo33:BORROWER_DETAIL>
                      <mismo33:BorrowerClassificationType>Secondary</mismo33:BorrowerClassificationType>
                    </mismo33:BORROWER_DETAIL>
                  </mismo33:BORROWER>
                  <mismo33:PARTY_ROLE_IDENTIFIERS>
                    <mismo33:PARTY_ROLE_IDENTIFIER SequenceNumber="3" xlink:label="PARTY_ROLE_IDENTIFIER_3">
                      <mismo33:PartyRoleIdentifier IdentifierOwnerURI="urn:fdc:wellsfargo.com:2013">358150612016360</mismo33:PartyRoleIdentifier>
                    </mismo33:PARTY_ROLE_IDENTIFIER>
                  </mismo33:PARTY_ROLE_IDENTIFIERS>
                  <mismo33:ROLE_DETAIL>
                    <mismo33:PartyRoleType>Borrower</mismo33:PartyRoleType>
                  </mismo33:ROLE_DETAIL>
                </mismo33:ROLE>
              </mismo33:ROLES>
            </mismo33:PARTY>
            <mismo33:PARTY xmlns:xlink="http://www.w3.org/1999/xlink" SequenceNumber="4" xlink:label="PARTY_4">
              <mismo33:INDIVIDUAL>
                <mismo33:CONTACT_POINTS>
                  <mismo33:CONTACT_POINT SequenceNumber="1">
                    <mismo33:CONTACT_POINT_TELEPHONE>
                      <mismo33:ContactPointTelephoneExtensionValue>27419</mismo33:ContactPointTelephoneExtensionValue>
                      <mismo33:ContactPointTelephoneValue>8002586649</mismo33:ContactPointTelephoneValue>
                    </mismo33:CONTACT_POINT_TELEPHONE>
                    <mismo33:CONTACT_POINT_DETAIL>
                      <mismo33:ContactPointRoleType>Work</mismo33:ContactPointRoleType>
                    </mismo33:CONTACT_POINT_DETAIL>
                  </mismo33:CONTACT_POINT>
                  <mismo33:CONTACT_POINT SequenceNumber="2">
                    <mismo33:CONTACT_POINT_EMAIL>
                      <mismo33:ContactPointEmailValue>Eric.Ortegren@wellsfargo.com</mismo33:ContactPointEmailValue>
                    </mismo33:CONTACT_POINT_EMAIL>
                    <mismo33:CONTACT_POINT_DETAIL>
                      <mismo33:ContactPointRoleType>Work</mismo33:ContactPointRoleType>
                    </mismo33:CONTACT_POINT_DETAIL>
                  </mismo33:CONTACT_POINT>
                </mismo33:CONTACT_POINTS>
                <mismo33:NAME>
                  <mismo33:FirstName>Eric</mismo33:FirstName>
                  <mismo33:LastName>Ortegren</mismo33:LastName>
                </mismo33:NAME>
              </mismo33:INDIVIDUAL>
              <mismo33:ADDRESSES>
                <mismo33:ADDRESS SequenceNumber="1" xlink:label="ADDRESS_1">
                  <mismo33:AddressAdditionalLineText>7TH FLOOR</mismo33:AddressAdditionalLineText>
                  <mismo33:AddressLineText>800 WALNUT ST</mismo33:AddressLineText>
                  <mismo33:AddressType>Mailing</mismo33:AddressType>
                  <mismo33:CityName>DES MOINES</mismo33:CityName>
                  <mismo33:CountryCode>US</mismo33:CountryCode>
                  <mismo33:PostalCode>503093605</mismo33:PostalCode>
                  <mismo33:StateCode>IA</mismo33:StateCode>
                </mismo33:ADDRESS>
              </mismo33:ADDRESSES>
              <mismo33:ROLES>
                <mismo33:ROLE SequenceNumber="1" xlink:label="ROLE_NotePayTo_Individual_NI00001539323">
                  <mismo33:LICENSES>
                    <mismo33:LICENSE>
                      <mismo33:LICENSE_DETAIL>
                        <mismo33:LicenseAuthorityLevelType>PublicFederal</mismo33:LicenseAuthorityLevelType>
                        <mismo33:LicenseIdentifier IdentifierOwnerURI="urn:fdc:nationwidelicensingsystem.org">1314063</mismo33:LicenseIdentifier>
                      </mismo33:LICENSE_DETAIL>
                    </mismo33:LICENSE>
                  </mismo33:LICENSES>
                  <mismo33:PARTY_ROLE_IDENTIFIERS>
                    <mismo33:PARTY_ROLE_IDENTIFIER SequenceNumber="4" xlink:label="PARTY_ROLE_IDENTIFIER_4">
                      <mismo33:PartyRoleIdentifier IdentifierOwnerURI="urn:fdc:wellsfargo.com:2013">NI00001539323</mismo33:PartyRoleIdentifier>
                    </mismo33:PARTY_ROLE_IDENTIFIER>
                  </mismo33:PARTY_ROLE_IDENTIFIERS>
                  <mismo33:ROLE_DETAIL>
                    <mismo33:PartyRoleType>LoanOfficer</mismo33:PartyRoleType>
                  </mismo33:ROLE_DETAIL>
                </mismo33:ROLE>
              </mismo33:ROLES>
            </mismo33:PARTY>
            <mismo33:PARTY xmlns:xlink="http://www.w3.org/1999/xlink" SequenceNumber="5" xlink:label="PARTY_5">
              <mismo33:LEGAL_ENTITY>
                <mismo33:LEGAL_ENTITY_DETAIL>
                  <mismo33:FullName>Wells Fargo Bank, N.A.</mismo33:FullName>
                </mismo33:LEGAL_ENTITY_DETAIL>
              </mismo33:LEGAL_ENTITY>
              <mismo33:ADDRESSES>
                <mismo33:ADDRESS SequenceNumber="1" xlink:label="ADDRESS_1">
                  <mismo33:AddressLineText>2701 Wells Fargo Way</mismo33:AddressLineText>
                  <mismo33:AddressType>Mailing</mismo33:AddressType>
                  <mismo33:CityName>Minneapolis</mismo33:CityName>
                  <mismo33:PostalCode>554678000</mismo33:PostalCode>
                  <mismo33:StateCode>MN</mismo33:StateCode>
                </mismo33:ADDRESS>
              </mismo33:ADDRESSES>
              <mismo33:ROLES>
                <mismo33:ROLE SequenceNumber="1" xlink:label="ROLE_NotePayTo_LegalEntity_NC1">
                  <mismo33:LICENSES>
                    <mismo33:LICENSE>
                      <mismo33:LICENSE_DETAIL>
                        <mismo33:LicenseAuthorityLevelType>PublicFederal</mismo33:LicenseAuthorityLevelType>
                        <mismo33:LicenseIdentifier IdentifierOwnerURI="urn:fdc:nationwidelicensingsystem.org">399801</mismo33:LicenseIdentifier>
                      </mismo33:LICENSE_DETAIL>
                    </mismo33:LICENSE>
                  </mismo33:LICENSES>
                  <mismo33:PARTY_ROLE_IDENTIFIERS>
                    <mismo33:PARTY_ROLE_IDENTIFIER SequenceNumber="5" xlink:label="PARTY_ROLE_IDENTIFIER_5">
                      <mismo33:PartyRoleIdentifier IdentifierOwnerURI="urn:fdc:wellsfargo.com:2013">NC1</mismo33:PartyRoleIdentifier>
                    </mismo33:PARTY_ROLE_IDENTIFIER>
                  </mismo33:PARTY_ROLE_IDENTIFIERS>
                  <mismo33:ROLE_DETAIL>
                    <mismo33:PartyRoleType>NotePayTo</mismo33:PartyRoleType>
                  </mismo33:ROLE_DETAIL>
                </mismo33:ROLE>
                <mismo33:ROLE SequenceNumber="2" xlink:label="Lender_Role1">
                  <mismo33:ROLE_DETAIL>
                    <mismo33:PartyRoleType>Lender</mismo33:PartyRoleType>
                  </mismo33:ROLE_DETAIL>
                </mismo33:ROLE>
              </mismo33:ROLES>
            </mismo33:PARTY>
            <mismo33:PARTY xmlns:xlink="http://www.w3.org/1999/xlink" SequenceNumber="6" xlink:label="PARTY_6">
              <mismo33:LEGAL_ENTITY>
                <mismo33:LEGAL_ENTITY_DETAIL>
                  <mismo33:FullName>First American Title Insurance Company</mismo33:FullName>
                </mismo33:LEGAL_ENTITY_DETAIL>
              </mismo33:LEGAL_ENTITY>
              <mismo33:ADDRESSES>
                <mismo33:ADDRESS xmlns:realec33="http://www.realec.com/2013/schemas/Integrations/3.3" SequenceNumber="1" xlink:label="ADDRESS_1">
                  <mismo33:AddressLineText>27775 Diehl Rd Ste 200</mismo33:AddressLineText>
                  <mismo33:AddressType>Mailing</mismo33:AddressType>
                  <mismo33:CityName>Warrenville</mismo33:CityName>
                  <mismo33:PostalCode>60555</mismo33:PostalCode>
                  <mismo33:StateCode>IL</mismo33:StateCode>
                </mismo33:ADDRESS>
              </mismo33:ADDRESSES>
              <mismo33:ROLES>
                <mismo33:ROLE SequenceNumber="1" xlink:label="ROLE_ServiceProvider_LegalEntity_267269">
                  <mismo33:PARTY_ROLE_IDENTIFIERS>
                    <mismo33:PARTY_ROLE_IDENTIFIER SequenceNumber="6" xlink:label="PARTY_ROLE_IDENTIFIER_6">
                      <mismo33:PartyRoleIdentifier IdentifierOwnerURI="urn:fdc:wellsfargo.com:2013">267269</mismo33:PartyRoleIdentifier>
                    </mismo33:PARTY_ROLE_IDENTIFIER>
                  </mismo33:PARTY_ROLE_IDENTIFIERS>
                  <mismo33:ROLE_DETAIL>
                    <mismo33:PartyRoleType>ServiceProvider</mismo33:PartyRoleType>
                  </mismo33:ROLE_DETAIL>
                </mismo33:ROLE>
              </mismo33:ROLES>
            </mismo33:PARTY>
            <mismo33:PARTY xmlns:xlink="http://www.w3.org/1999/xlink" SequenceNumber="7" xlink:label="PARTY_7">
              <mismo33:LEGAL_ENTITY>
                <mismo33:LEGAL_ENTITY_DETAIL>
                  <mismo33:FullName>First American Title Company</mismo33:FullName>
                </mismo33:LEGAL_ENTITY_DETAIL>
              </mismo33:LEGAL_ENTITY>
              <mismo33:ADDRESSES>
                <mismo33:ADDRESS xmlns:realec33="http://www.realec.com/2013/schemas/Integrations/3.3" SequenceNumber="1" xlink:label="ADDRESS_1">
                  <mismo33:AddressLineText>27775 Diehl Rd Ste 200</mismo33:AddressLineText>
                  <mismo33:AddressType>Mailing</mismo33:AddressType>
                  <mismo33:CityName>Warrenville</mismo33:CityName>
                  <mismo33:PostalCode>60555</mismo33:PostalCode>
                  <mismo33:StateCode>IL</mismo33:StateCode>
                </mismo33:ADDRESS>
              </mismo33:ADDRESSES>
              <mismo33:ROLES>
                <mismo33:ROLE SequenceNumber="1" xlink:label="ROLE_ClosingAgent_LegalEntity_193267">
                  <mismo33:LICENSES>
                    <mismo33:LICENSE>
                      <mismo33:LICENSE_DETAIL>
                        <mismo33:LicenseAuthorityLevelType>PublicState</mismo33:LicenseAuthorityLevelType>
                        <mismo33:LicenseIdentifier IdentifierOwnerURI="urn:fdc:wellsfargo.com:2013">0067985</mismo33:LicenseIdentifier>
                        <mismo33:LicenseIssuingAuthorityStateCode>IL</mismo33:LicenseIssuingAuthorityStateCode>
                      </mismo33:LICENSE_DETAIL>
                    </mismo33:LICENSE>
                  </mismo33:LICENSES>
                  <mismo33:PARTY_ROLE_IDENTIFIERS>
                    <mismo33:PARTY_ROLE_IDENTIFIER SequenceNumber="7" xlink:label="PARTY_ROLE_IDENTIFIER_7">
                      <mismo33:PartyRoleIdentifier IdentifierOwnerURI="urn:fdc:wellsfargo.com:2013">193267</mismo33:PartyRoleIdentifier>
                    </mismo33:PARTY_ROLE_IDENTIFIER>
                  </mismo33:PARTY_ROLE_IDENTIFIERS>
                  <mismo33:ROLE_DETAIL>
                    <mismo33:PartyRoleType>ClosingAgent</mismo33:PartyRoleType>
                  </mismo33:ROLE_DETAIL>
                </mismo33:ROLE>
              </mismo33:ROLES>
            </mismo33:PARTY>
            <mismo33:PARTY xmlns:xlink="http://www.w3.org/1999/xlink" SequenceNumber="8" xlink:label="PARTY_8">
              <mismo33:INDIVIDUAL>
                <mismo33:CONTACT_POINTS>
                  <mismo33:CONTACT_POINT SequenceNumber="3">
                    <mismo33:CONTACT_POINT_TELEPHONE>
                      <mismo33:ContactPointTelephoneValue>8772954328</mismo33:ContactPointTelephoneValue>
                    </mismo33:CONTACT_POINT_TELEPHONE>
                    <mismo33:CONTACT_POINT_DETAIL>
                      <mismo33:ContactPointRoleType>Work</mismo33:ContactPointRoleType>
                    </mismo33:CONTACT_POINT_DETAIL>
                  </mismo33:CONTACT_POINT>
                  <mismo33:CONTACT_POINT SequenceNumber="4">
                    <mismo33:CONTACT_POINT_EMAIL>
                      <mismo33:ContactPointEmailValue>CLSPKG.WARRENVILLE.IL@FIRSTAM.COM</mismo33:ContactPointEmailValue>
                    </mismo33:CONTACT_POINT_EMAIL>
                    <mismo33:CONTACT_POINT_DETAIL>
                      <mismo33:ContactPointRoleType>Work</mismo33:ContactPointRoleType>
                    </mismo33:CONTACT_POINT_DETAIL>
                  </mismo33:CONTACT_POINT>
                </mismo33:CONTACT_POINTS>
                <mismo33:NAME>
                  <mismo33:FirstName>Closing</mismo33:FirstName>
                  <mismo33:LastName>Figures</mismo33:LastName>
                </mismo33:NAME>
              </mismo33:INDIVIDUAL>
              <mismo33:ROLES>
                <mismo33:ROLE SequenceNumber="1" xlink:label="ROLE_ClosingAgent_Individual_14844830">
                  <mismo33:LICENSES>
                    <mismo33:LICENSE>
                      <mismo33:LICENSE_DETAIL>
                        <mismo33:LicenseAuthorityLevelType>PublicState</mismo33:LicenseAuthorityLevelType>
                        <mismo33:LicenseIdentifier IdentifierOwnerURI="urn:fdc:wellsfargo.com:2013">0067985</mismo33:LicenseIdentifier>
                        <mismo33:LicenseIssuingAuthorityStateCode>IL</mismo33:LicenseIssuingAuthorityStateCode>
                      </mismo33:LICENSE_DETAIL>
                    </mismo33:LICENSE>
                  </mismo33:LICENSES>
                  <mismo33:PARTY_ROLE_IDENTIFIERS>
                    <mismo33:PARTY_ROLE_IDENTIFIER SequenceNumber="8" xlink:label="PARTY_ROLE_IDENTIFIER_8">
                      <mismo33:PartyRoleIdentifier IdentifierOwnerURI="urn:fdc:wellsfargo.com:2013">14844830</mismo33:PartyRoleIdentifier>
                    </mismo33:PARTY_ROLE_IDENTIFIER>
                    <mismo33:PARTY_ROLE_IDENTIFIER SequenceNumber="9">
                      <mismo33:PartyRoleIdentifier IdentifierOwnerURI="urn:fdc:realec.com:2014:LDD:Email">CLSPKG.WARRENVILLE.IL@FIRSTAM.COM</mismo33:PartyRoleIdentifier>
                    </mismo33:PARTY_ROLE_IDENTIFIER>
                  </mismo33:PARTY_ROLE_IDENTIFIERS>
                  <mismo33:ROLE_DETAIL>
                    <mismo33:PartyRoleType>ClosingAgent</mismo33:PartyRoleType>
                  </mismo33:ROLE_DETAIL>
                </mismo33:ROLE>
              </mismo33:ROLES>
            </mismo33:PARTY>
            <mismo33:PARTY xmlns:xlink="http://www.w3.org/1999/xlink" SequenceNumber="9" xlink:label="PARTY_9">
              <mismo33:INDIVIDUAL>
                <mismo33:NAME>
                  <mismo33:FirstName>Mariana</mismo33:FirstName>
                  <mismo33:LastName>Murillo Herrera</mismo33:LastName>
                  <mismo33:MiddleName>L</mismo33:MiddleName>
                </mismo33:NAME>
              </mismo33:INDIVIDUAL>
              <mismo33:ROLES>
                <mismo33:ROLE SequenceNumber="1" xlink:label="ROLE_RequestingParty_Individual_00000813008">
                  <mismo33:PARTY_ROLE_IDENTIFIERS>
                    <mismo33:PARTY_ROLE_IDENTIFIER SequenceNumber="10" xlink:label="PARTY_ROLE_IDENTIFIER_9">
                      <mismo33:PartyRoleIdentifier IdentifierOwnerURI="urn:fdc:wellsfargo.com:2013">00000813008</mismo33:PartyRoleIdentifier>
                    </mismo33:PARTY_ROLE_IDENTIFIER>
                  </mismo33:PARTY_ROLE_IDENTIFIERS>
                  <mismo33:ROLE_DETAIL>
                    <mismo33:PartyRoleType>Other</mismo33:PartyRoleType>
                    <mismo33:PartyRoleTypeOtherDescription>RequestingParty</mismo33:PartyRoleTypeOtherDescription>
                  </mismo33:ROLE_DETAIL>
                </mismo33:ROLE>
              </mismo33:ROLES>
            </mismo33:PARTY>
            <mismo33:PARTY xmlns:xlink="http://www.w3.org/1999/xlink" SequenceNumber="10" xlink:label="PARTY_10">
              <mismo33:ROLES>
                <mismo33:ROLE SequenceNumber="1" xlink:label="ROLE_1">
                  <mismo33:RETURN_TO>
                    <mismo33:PREFERRED_RESPONSES>
                      <mismo33:PREFERRED_RESPONSE xlink:label="Submitting_Party_PR">
                        <mismo33:PreferredResponseDestinationDescription>PROD-G</mismo33:PreferredResponseDestinationDescription>
                        <mismo33:PreferredResponseFormatType>XML</mismo33:PreferredResponseFormatType>
                        <mismo33:PreferredResponseMethodType>HTTPS</mismo33:PreferredResponseMethodType>
                      </mismo33:PREFERRED_RESPONSE>
                    </mismo33:PREFERRED_RESPONSES>
                  </mismo33:RETURN_TO>
                  <mismo33:ROLE_DETAIL>
                    <mismo33:PartyRoleType>SubmittingParty</mismo33:PartyRoleType>
                  </mismo33:ROLE_DETAIL>
                </mismo33:ROLE>
              </mismo33:ROLES>
            </mismo33:PARTY>
          </mismo33:PARTIES>
          <mismo33:RELATIONSHIPS>
            <mismo33:RELATIONSHIP xmlns:xlink="http://www.w3.org/1999/xlink" SequenceNumber="1" xlink:arcrole="urn:fdc:mismo.org:2009:residential/IsAssociatedWith" xlink:from="FEE_0804" xlink:to="ITEM_SUMMARY_801018" />
            <mismo33:RELATIONSHIP xmlns:xlink="http://www.w3.org/1999/xlink" SequenceNumber="2" xlink:arcrole="urn:fdc:mismo.org:2009:residential/IsAssociatedWith" xlink:from="FEE_1202" xlink:to="ITEM_SUMMARY_315800080" />
            <mismo33:RELATIONSHIP xmlns:xlink="http://www.w3.org/1999/xlink" SequenceNumber="3" xlink:arcrole="urn:fdc:mismo.org:2009:residential/IsAssociatedWith" xlink:from="FEE_1218" xlink:to="ITEM_SUMMARY_315800081" />
            <mismo33:RELATIONSHIP xmlns:xlink="http://www.w3.org/1999/xlink" SequenceNumber="4" xlink:arcrole="urn:fdc:mismo.org:2009:residential/ROLE_IsEmployedBy_ROLE" xlink:from="ROLE_NotePayTo_Individual_NI00001539323" xlink:to="ROLE_NotePayTo_LegalEntity_NC1" />
            <mismo33:RELATIONSHIP xmlns:xlink="http://www.w3.org/1999/xlink" SequenceNumber="5" xlink:arcrole="urn:fdc:mismo.org:2009:residential/ROLE_IsEmployedBy_ROLE" xlink:from="ROLE_ClosingAgent_Individual_14844830" xlink:to="ROLE_ClosingAgent_LegalEntity_193267" />
          </mismo33:RELATIONSHIPS>
          <mismo33:SERVICES>
            <mismo33:SERVICE xmlns:xlink="http://www.w3.org/1999/xlink" SequenceNumber="1" xlink:label="SERVICE_1">
              <mismo33:SERVICE_PRODUCT>
                <mismo33:SERVICE_PRODUCT_REQUEST>
                  <mismo33:SERVICE_PRODUCT_DETAIL>
                    <mismo33:ServiceProductDescription>Closing</mismo33:ServiceProductDescription>
                    <mismo33:ServiceProductIdentifier IdentifierOwnerURI="urn:fdc:realec.com:2013:LDD:ProductCode">29</mismo33:ServiceProductIdentifier>
                  </mismo33:SERVICE_PRODUCT_DETAIL>
                  <mismo33:SERVICE_PRODUCT_NAMES>
                    <mismo33:SERVICE_PRODUCT_NAME>
                      <mismo33:SERVICE_PRODUCT_NAME_DETAIL>
                        <mismo33:ServiceProductNameIdentifier IdentifierOwnerURI="urn:fdc:wellsfargo.com:2013:LDD:ProductCode">T201</mismo33:ServiceProductNameIdentifier>
                      </mismo33:SERVICE_PRODUCT_NAME_DETAIL>
                    </mismo33:SERVICE_PRODUCT_NAME>
                  </mismo33:SERVICE_PRODUCT_NAMES>
                </mismo33:SERVICE_PRODUCT_REQUEST>
              </mismo33:SERVICE_PRODUCT>
              <SERVICE_PRODUCT_FULFILLMENT xmlns="http://www.mismo.org/residential/2009/schemas">
                <SERVICE_PRODUCT_FULFILLMENT_DETAIL xmlns="http://www.mismo.org/residential/2009/schemas">
                  <VendorOrderIdentifier xmlns="http://www.mismo.org/residential/2009/schemas">MismoFileID</VendorOrderIdentifier>
                  <VendorTransactionIdentifier xmlns="http://www.mismo.org/residential/2009/schemas">MismoFileNumber</VendorTransactionIdentifier>
                </SERVICE_PRODUCT_FULFILLMENT_DETAIL>
              </SERVICE_PRODUCT_FULFILLMENT>
              <mismo33:STATUSES>
                <mismo33:STATUS>
                  <mismo33:StatusCode>PreClosing</mismo33:StatusCode>
                  <mismo33:StatusConditionDescription>FAST CD Status</mismo33:StatusConditionDescription>
                </mismo33:STATUS>
              </mismo33:STATUSES>
            </mismo33:SERVICE>
          </mismo33:SERVICES>
        </mismo33:DEAL>
      </mismo33:DEALS>
    </mismo33:DEAL_SET>
  </mismo33:DEAL_SETS>
</mismo33:MESSAGE>