<MESSAGE MISMOReferenceModelIdentifier="3.3" xmlns="http://www.mismo.org/residential/2009/schemas" xmlns:xlink="http://www.w3.org/1999/xlink">
<ABOUT_VERSIONS>
<ABOUT_VERSION SequenceNumber="1">
<AboutVersionIdentifier>1.0</AboutVersionIdentifier>
<CreatedDatetime>2016-06-20T11:47:49.4847537-07:00</CreatedDatetime>
<DataVersionIdentifier IdentifierOwnerURI="urn:fdc:lender.com:2013:ApplicationID">1.0</DataVersionIdentifier>
<DataVersionName>FAST Transaction System</DataVersionName>
</ABOUT_VERSION>
</ABOUT_VERSIONS>
<DEAL_SETS>
<DEAL_SET SequenceNumber="1">
<DEALS>
<DEAL SequenceNumber="1">
<COLLATERALS>
<COLLATERAL SequenceNumber="1">
<SUBJECT_PROPERTY SequenceNumber="1">
<ADDRESS SequenceNumber="1">
<CountryCode>US</CountryCode>
<StateCode>CA</StateCode>
</ADDRESS>
</SUBJECT_PROPERTY>
</COLLATERAL>
</COLLATERALS>
<LOANS>
<LOAN LoanRoleType="SubjectLoan" xlink:label="SubjectLoan" SequenceNumber="1">
<CLOSING_INFORMATION>
<CLOSING_INFORMATION_DETAIL>
<CashFromBorrowerAtClosingAmount>750</CashFromBorrowerAtClosingAmount>
<ClosingAgentOrderNumberIdentifier IdentifierOwnerURI="http:/ClosingAgent.com:2013:LDD:OrderID">264837</ClosingAgentOrderNumberIdentifier>
</CLOSING_INFORMATION_DETAIL>
<PREPAID_ITEMS>
<PREPAID_ITEM SequenceNumber="1">
<PREPAID_ITEM_DETAIL>
<FeePaidToType>ThirdPartyProvider</FeePaidToType>
<IntegratedDisclosureSectionType>Prepaids</IntegratedDisclosureSectionType>
<PrepaidItemActualTotalAmount>250</PrepaidItemActualTotalAmount>
<PrepaidItemPerDiemCalculationMethodType>365</PrepaidItemPerDiemCalculationMethodType>
<PrepaidItemType>PrepaidInterest</PrepaidItemType>
</PREPAID_ITEM_DETAIL>
<PREPAID_ITEM_PAID_TO>
<LEGAL_ENTITY>
<LEGAL_ENTITY_DETAIL>
<FullName>SessionF Modified Payee Name</FullName>
</LEGAL_ENTITY_DETAIL>
</LEGAL_ENTITY>
</PREPAID_ITEM_PAID_TO>
<PREPAID_ITEM_PAYMENTS>
<PREPAID_ITEM_PAYMENT SequenceNumber="1">
<PrepaidItemActualPaymentAmount>250</PrepaidItemActualPaymentAmount>
<PrepaidItemPaymentPaidByType>Buyer</PrepaidItemPaymentPaidByType>
<PrepaidItemPaymentTimingType>AtClosing</PrepaidItemPaymentTimingType>
</PREPAID_ITEM_PAYMENT>
</PREPAID_ITEM_PAYMENTS>
</PREPAID_ITEM>
</PREPAID_ITEMS>
</CLOSING_INFORMATION>
<DOCUMENT_SPECIFIC_DATA_SETS>
<DOCUMENT_SPECIFIC_DATA_SET SequenceNumber="1">
<INTEGRATED_DISCLOSURE>
<CASH_TO_CLOSE_ITEMS>
<CASH_TO_CLOSE_ITEM SequenceNumber="1">
<IntegratedDisclosureCashToCloseItemAmountChangedIndicator>true</IntegratedDisclosureCashToCloseItemAmountChangedIndicator>
<IntegratedDisclosureCashToCloseItemChangeDescription>&lt;li&gt;See &lt;b&gt;Total Loan Cost (D)&lt;/b&gt; and &lt;b&gt;Total Other Costs (I)&lt;/b&gt;&lt;/li&gt;</IntegratedDisclosureCashToCloseItemChangeDescription>
<IntegratedDisclosureCashToCloseItemEstimatedAmount>0</IntegratedDisclosureCashToCloseItemEstimatedAmount>
<IntegratedDisclosureCashToCloseItemFinalAmount>750</IntegratedDisclosureCashToCloseItemFinalAmount>
<IntegratedDisclosureCashToCloseItemType>TotalClosingCosts</IntegratedDisclosureCashToCloseItemType>
</CASH_TO_CLOSE_ITEM>
<CASH_TO_CLOSE_ITEM SequenceNumber="2">
<IntegratedDisclosureCashToCloseItemAmountChangedIndicator>false</IntegratedDisclosureCashToCloseItemAmountChangedIndicator>
<IntegratedDisclosureCashToCloseItemEstimatedAmount>0</IntegratedDisclosureCashToCloseItemEstimatedAmount>
<IntegratedDisclosureCashToCloseItemFinalAmount>0</IntegratedDisclosureCashToCloseItemFinalAmount>
<IntegratedDisclosureCashToCloseItemType>ClosingCostsPaidBeforeClosing</IntegratedDisclosureCashToCloseItemType>
</CASH_TO_CLOSE_ITEM>
<CASH_TO_CLOSE_ITEM SequenceNumber="3">
<IntegratedDisclosureCashToCloseItemAmountChangedIndicator>false</IntegratedDisclosureCashToCloseItemAmountChangedIndicator>
<IntegratedDisclosureCashToCloseItemEstimatedAmount>0</IntegratedDisclosureCashToCloseItemEstimatedAmount>
<IntegratedDisclosureCashToCloseItemFinalAmount>0</IntegratedDisclosureCashToCloseItemFinalAmount>
<IntegratedDisclosureCashToCloseItemType>ClosingCostsFinanced</IntegratedDisclosureCashToCloseItemType>
</CASH_TO_CLOSE_ITEM>
<CASH_TO_CLOSE_ITEM SequenceNumber="4">
<IntegratedDisclosureCashToCloseItemAmountChangedIndicator>false</IntegratedDisclosureCashToCloseItemAmountChangedIndicator>
<IntegratedDisclosureCashToCloseItemEstimatedAmount>0</IntegratedDisclosureCashToCloseItemEstimatedAmount>
<IntegratedDisclosureCashToCloseItemFinalAmount>0</IntegratedDisclosureCashToCloseItemFinalAmount>
<IntegratedDisclosureCashToCloseItemType>DownPayment</IntegratedDisclosureCashToCloseItemType>
</CASH_TO_CLOSE_ITEM>
<CASH_TO_CLOSE_ITEM SequenceNumber="5">
<IntegratedDisclosureCashToCloseItemAmountChangedIndicator>false</IntegratedDisclosureCashToCloseItemAmountChangedIndicator>
<IntegratedDisclosureCashToCloseItemEstimatedAmount>0</IntegratedDisclosureCashToCloseItemEstimatedAmount>
<IntegratedDisclosureCashToCloseItemFinalAmount>0</IntegratedDisclosureCashToCloseItemFinalAmount>
<IntegratedDisclosureCashToCloseItemType>Deposit</IntegratedDisclosureCashToCloseItemType>
</CASH_TO_CLOSE_ITEM>
<CASH_TO_CLOSE_ITEM SequenceNumber="6">
<IntegratedDisclosureCashToCloseItemAmountChangedIndicator>false</IntegratedDisclosureCashToCloseItemAmountChangedIndicator>
<IntegratedDisclosureCashToCloseItemEstimatedAmount>0</IntegratedDisclosureCashToCloseItemEstimatedAmount>
<IntegratedDisclosureCashToCloseItemFinalAmount>0</IntegratedDisclosureCashToCloseItemFinalAmount>
<IntegratedDisclosureCashToCloseItemType>FundsForBorrower</IntegratedDisclosureCashToCloseItemType>
</CASH_TO_CLOSE_ITEM>
<CASH_TO_CLOSE_ITEM SequenceNumber="7">
<IntegratedDisclosureCashToCloseItemAmountChangedIndicator>false</IntegratedDisclosureCashToCloseItemAmountChangedIndicator>
<IntegratedDisclosureCashToCloseItemEstimatedAmount>0</IntegratedDisclosureCashToCloseItemEstimatedAmount>
<IntegratedDisclosureCashToCloseItemFinalAmount>0</IntegratedDisclosureCashToCloseItemFinalAmount>
<IntegratedDisclosureCashToCloseItemType>SellerCredits</IntegratedDisclosureCashToCloseItemType>
</CASH_TO_CLOSE_ITEM>
<CASH_TO_CLOSE_ITEM SequenceNumber="8">
<IntegratedDisclosureCashToCloseItemAmountChangedIndicator>false</IntegratedDisclosureCashToCloseItemAmountChangedIndicator>
<IntegratedDisclosureCashToCloseItemEstimatedAmount>0</IntegratedDisclosureCashToCloseItemEstimatedAmount>
<IntegratedDisclosureCashToCloseItemFinalAmount>0</IntegratedDisclosureCashToCloseItemFinalAmount>
<IntegratedDisclosureCashToCloseItemType>AdjustmentsAndOtherCredits</IntegratedDisclosureCashToCloseItemType>
</CASH_TO_CLOSE_ITEM>
<CASH_TO_CLOSE_ITEM SequenceNumber="9">
<IntegratedDisclosureCashToCloseItemEstimatedAmount>0</IntegratedDisclosureCashToCloseItemEstimatedAmount>
<IntegratedDisclosureCashToCloseItemType>CashToCloseTotal</IntegratedDisclosureCashToCloseItemType>
</CASH_TO_CLOSE_ITEM>
<CASH_TO_CLOSE_ITEM SequenceNumber="10">
<IntegratedDisclosureCashToCloseItemFinalAmount>750</IntegratedDisclosureCashToCloseItemFinalAmount>
<IntegratedDisclosureCashToCloseItemPaymentType>FromBorrower</IntegratedDisclosureCashToCloseItemPaymentType>
<IntegratedDisclosureCashToCloseItemType>CashToCloseTotal</IntegratedDisclosureCashToCloseItemType>
</CASH_TO_CLOSE_ITEM>
</CASH_TO_CLOSE_ITEMS>
<ESTIMATED_PROPERTY_COST>
<ESTIMATED_PROPERTY_COST_COMPONENTS>
<ESTIMATED_PROPERTY_COST_COMPONENT SequenceNumber="1">
<ProjectedPaymentEscrowedType>NotEscrowed</ProjectedPaymentEscrowedType>
<ProjectedPaymentEstimatedTaxesInsuranceAssessmentComponentType>PropertyTaxes</ProjectedPaymentEstimatedTaxesInsuranceAssessmentComponentType>
</ESTIMATED_PROPERTY_COST_COMPONENT>
</ESTIMATED_PROPERTY_COST_COMPONENTS>
<ESTIMATED_PROPERTY_COST_DETAIL>
<ProjectedPaymentEstimatedTaxesInsuranceAssessmentTotalAmount>0</ProjectedPaymentEstimatedTaxesInsuranceAssessmentTotalAmount>
</ESTIMATED_PROPERTY_COST_DETAIL>
</ESTIMATED_PROPERTY_COST>
<INTEGRATED_DISCLOSURE_DETAIL>
<FirstYearTotalNonEscrowPaymentAmount>0</FirstYearTotalNonEscrowPaymentAmount>
<IntegratedDisclosureDocumentType>ClosingDisclosure</IntegratedDisclosureDocumentType>
<IntegratedDisclosureHomeEquityLoanIndicator>false</IntegratedDisclosureHomeEquityLoanIndicator>
</INTEGRATED_DISCLOSURE_DETAIL>
<INTEGRATED_DISCLOSURE_SECTION_SUMMARIES>
<INTEGRATED_DISCLOSURE_SECTION_SUMMARY SequenceNumber="1">
<INTEGRATED_DISCLOSURE_SECTION_SUMMARY_DETAIL>
<IntegratedDisclosureSectionTotalAmount>0</IntegratedDisclosureSectionTotalAmount>
<IntegratedDisclosureSectionType>OriginationCharges</IntegratedDisclosureSectionType>
</INTEGRATED_DISCLOSURE_SECTION_SUMMARY_DETAIL>
</INTEGRATED_DISCLOSURE_SECTION_SUMMARY>
<INTEGRATED_DISCLOSURE_SECTION_SUMMARY SequenceNumber="2">
<INTEGRATED_DISCLOSURE_SECTION_SUMMARY_DETAIL>
<IntegratedDisclosureSectionTotalAmount>500</IntegratedDisclosureSectionTotalAmount>
<IntegratedDisclosureSectionType>ServicesBorrowerDidNotShopFor</IntegratedDisclosureSectionType>
</INTEGRATED_DISCLOSURE_SECTION_SUMMARY_DETAIL>
</INTEGRATED_DISCLOSURE_SECTION_SUMMARY>
<INTEGRATED_DISCLOSURE_SECTION_SUMMARY SequenceNumber="3">
<INTEGRATED_DISCLOSURE_SECTION_SUMMARY_DETAIL>
<IntegratedDisclosureSectionTotalAmount>0</IntegratedDisclosureSectionTotalAmount>
<IntegratedDisclosureSectionType>ServicesBorrowerDidShopFor</IntegratedDisclosureSectionType>
</INTEGRATED_DISCLOSURE_SECTION_SUMMARY_DETAIL>
</INTEGRATED_DISCLOSURE_SECTION_SUMMARY>
<INTEGRATED_DISCLOSURE_SECTION_SUMMARY SequenceNumber="4">
<INTEGRATED_DISCLOSURE_SECTION_SUMMARY_DETAIL>
<IntegratedDisclosureSectionTotalAmount>500</IntegratedDisclosureSectionTotalAmount>
<IntegratedDisclosureSectionType>TotalLoanCosts</IntegratedDisclosureSectionType>
<IntegratedDisclosureSubsectionType>LoanCostsSubtotal</IntegratedDisclosureSubsectionType>
</INTEGRATED_DISCLOSURE_SECTION_SUMMARY_DETAIL>
<INTEGRATED_DISCLOSURE_SUBSECTION_PAYMENTS>
<INTEGRATED_DISCLOSURE_SUBSECTION_PAYMENT SequenceNumber="1">
<IntegratedDisclosureSubsectionPaidByType>Buyer</IntegratedDisclosureSubsectionPaidByType>
<IntegratedDisclosureSubsectionPaymentAmount>500</IntegratedDisclosureSubsectionPaymentAmount>
<IntegratedDisclosureSubsectionPaymentTimingType>AtClosing</IntegratedDisclosureSubsectionPaymentTimingType>
</INTEGRATED_DISCLOSURE_SUBSECTION_PAYMENT>
<INTEGRATED_DISCLOSURE_SUBSECTION_PAYMENT SequenceNumber="2">
<IntegratedDisclosureSubsectionPaidByType>Buyer</IntegratedDisclosureSubsectionPaidByType>
<IntegratedDisclosureSubsectionPaymentAmount>0</IntegratedDisclosureSubsectionPaymentAmount>
<IntegratedDisclosureSubsectionPaymentTimingType>BeforeClosing</IntegratedDisclosureSubsectionPaymentTimingType>
</INTEGRATED_DISCLOSURE_SUBSECTION_PAYMENT>
</INTEGRATED_DISCLOSURE_SUBSECTION_PAYMENTS>
</INTEGRATED_DISCLOSURE_SECTION_SUMMARY>
<INTEGRATED_DISCLOSURE_SECTION_SUMMARY SequenceNumber="5">
<INTEGRATED_DISCLOSURE_SECTION_SUMMARY_DETAIL>
<IntegratedDisclosureSectionTotalAmount>0</IntegratedDisclosureSectionTotalAmount>
<IntegratedDisclosureSectionType>TaxesAndOtherGovernmentFees</IntegratedDisclosureSectionType>
</INTEGRATED_DISCLOSURE_SECTION_SUMMARY_DETAIL>
</INTEGRATED_DISCLOSURE_SECTION_SUMMARY>
<INTEGRATED_DISCLOSURE_SECTION_SUMMARY SequenceNumber="6">
<INTEGRATED_DISCLOSURE_SECTION_SUMMARY_DETAIL>
<IntegratedDisclosureSectionTotalAmount>250</IntegratedDisclosureSectionTotalAmount>
<IntegratedDisclosureSectionType>Prepaids</IntegratedDisclosureSectionType>
</INTEGRATED_DISCLOSURE_SECTION_SUMMARY_DETAIL>
</INTEGRATED_DISCLOSURE_SECTION_SUMMARY>
<INTEGRATED_DISCLOSURE_SECTION_SUMMARY SequenceNumber="7">
<INTEGRATED_DISCLOSURE_SECTION_SUMMARY_DETAIL>
<IntegratedDisclosureSectionTotalAmount>0</IntegratedDisclosureSectionTotalAmount>
<IntegratedDisclosureSectionType>InitialEscrowPaymentAtClosing</IntegratedDisclosureSectionType>
</INTEGRATED_DISCLOSURE_SECTION_SUMMARY_DETAIL>
</INTEGRATED_DISCLOSURE_SECTION_SUMMARY>
<INTEGRATED_DISCLOSURE_SECTION_SUMMARY SequenceNumber="8">
<INTEGRATED_DISCLOSURE_SECTION_SUMMARY_DETAIL>
<IntegratedDisclosureSectionTotalAmount>0</IntegratedDisclosureSectionTotalAmount>
<IntegratedDisclosureSectionType>OtherCosts</IntegratedDisclosureSectionType>
</INTEGRATED_DISCLOSURE_SECTION_SUMMARY_DETAIL>
</INTEGRATED_DISCLOSURE_SECTION_SUMMARY>
<INTEGRATED_DISCLOSURE_SECTION_SUMMARY SequenceNumber="9">
<INTEGRATED_DISCLOSURE_SECTION_SUMMARY_DETAIL>
<IntegratedDisclosureSectionTotalAmount>250</IntegratedDisclosureSectionTotalAmount>
<IntegratedDisclosureSectionType>TotalOtherCosts</IntegratedDisclosureSectionType>
<IntegratedDisclosureSubsectionType>OtherCostsSubtotal</IntegratedDisclosureSubsectionType>
</INTEGRATED_DISCLOSURE_SECTION_SUMMARY_DETAIL>
<INTEGRATED_DISCLOSURE_SUBSECTION_PAYMENTS>
<INTEGRATED_DISCLOSURE_SUBSECTION_PAYMENT SequenceNumber="1">
<IntegratedDisclosureSubsectionPaidByType>Buyer</IntegratedDisclosureSubsectionPaidByType>
<IntegratedDisclosureSubsectionPaymentAmount>250</IntegratedDisclosureSubsectionPaymentAmount>
<IntegratedDisclosureSubsectionPaymentTimingType>AtClosing</IntegratedDisclosureSubsectionPaymentTimingType>
</INTEGRATED_DISCLOSURE_SUBSECTION_PAYMENT>
</INTEGRATED_DISCLOSURE_SUBSECTION_PAYMENTS>
</INTEGRATED_DISCLOSURE_SECTION_SUMMARY>
<INTEGRATED_DISCLOSURE_SECTION_SUMMARY SequenceNumber="10">
<INTEGRATED_DISCLOSURE_SECTION_SUMMARY_DETAIL>
<IntegratedDisclosureSectionType>TotalClosingCosts</IntegratedDisclosureSectionType>
<IntegratedDisclosureSubsectionType>LenderCredits</IntegratedDisclosureSubsectionType>
<LenderCreditToleranceCureAmount>0</LenderCreditToleranceCureAmount>
</INTEGRATED_DISCLOSURE_SECTION_SUMMARY_DETAIL>
<INTEGRATED_DISCLOSURE_SUBSECTION_PAYMENTS>
<INTEGRATED_DISCLOSURE_SUBSECTION_PAYMENT SequenceNumber="1">
<IntegratedDisclosureSubsectionPaidByType>Buyer</IntegratedDisclosureSubsectionPaidByType>
<IntegratedDisclosureSubsectionPaymentAmount>0</IntegratedDisclosureSubsectionPaymentAmount>
<IntegratedDisclosureSubsectionPaymentTimingType>AtClosing</IntegratedDisclosureSubsectionPaymentTimingType>
</INTEGRATED_DISCLOSURE_SUBSECTION_PAYMENT>
</INTEGRATED_DISCLOSURE_SUBSECTION_PAYMENTS>
</INTEGRATED_DISCLOSURE_SECTION_SUMMARY>
<INTEGRATED_DISCLOSURE_SECTION_SUMMARY SequenceNumber="11">
<INTEGRATED_DISCLOSURE_SECTION_SUMMARY_DETAIL>
<IntegratedDisclosureSectionTotalAmount>750</IntegratedDisclosureSectionTotalAmount>
<IntegratedDisclosureSectionType>TotalClosingCosts</IntegratedDisclosureSectionType>
<IntegratedDisclosureSubsectionType>ClosingCostsSubtotal</IntegratedDisclosureSubsectionType>
</INTEGRATED_DISCLOSURE_SECTION_SUMMARY_DETAIL>
<INTEGRATED_DISCLOSURE_SUBSECTION_PAYMENTS>
<INTEGRATED_DISCLOSURE_SUBSECTION_PAYMENT SequenceNumber="1">
<IntegratedDisclosureSubsectionPaidByType>Buyer</IntegratedDisclosureSubsectionPaidByType>
<IntegratedDisclosureSubsectionPaymentAmount>750</IntegratedDisclosureSubsectionPaymentAmount>
<IntegratedDisclosureSubsectionPaymentTimingType>AtClosing</IntegratedDisclosureSubsectionPaymentTimingType>
</INTEGRATED_DISCLOSURE_SUBSECTION_PAYMENT>
</INTEGRATED_DISCLOSURE_SUBSECTION_PAYMENTS>
</INTEGRATED_DISCLOSURE_SECTION_SUMMARY>
<INTEGRATED_DISCLOSURE_SECTION_SUMMARY SequenceNumber="12">
<INTEGRATED_DISCLOSURE_SECTION_SUMMARY_DETAIL>
<IntegratedDisclosureSectionTotalAmount>750</IntegratedDisclosureSectionTotalAmount>
<IntegratedDisclosureSectionType>DueFromBorrowerAtClosing</IntegratedDisclosureSectionType>
</INTEGRATED_DISCLOSURE_SECTION_SUMMARY_DETAIL>
</INTEGRATED_DISCLOSURE_SECTION_SUMMARY>
<INTEGRATED_DISCLOSURE_SECTION_SUMMARY SequenceNumber="13">
<INTEGRATED_DISCLOSURE_SECTION_SUMMARY_DETAIL>
<IntegratedDisclosureSectionTotalAmount>0</IntegratedDisclosureSectionTotalAmount>
<IntegratedDisclosureSectionType>PaidAlreadyByOrOnBehalfOfBorrowerAtClosing</IntegratedDisclosureSectionType>
</INTEGRATED_DISCLOSURE_SECTION_SUMMARY_DETAIL>
</INTEGRATED_DISCLOSURE_SECTION_SUMMARY>
</INTEGRATED_DISCLOSURE_SECTION_SUMMARIES>
<PROJECTED_PAYMENTS>
<PROJECTED_PAYMENT SequenceNumber="1">
<PaymentFrequencyType>Monthly</PaymentFrequencyType>
<ProjectedPaymentCalculationPeriodEndNumber>0</ProjectedPaymentCalculationPeriodEndNumber>
<ProjectedPaymentCalculationPeriodStartNumber>0</ProjectedPaymentCalculationPeriodStartNumber>
<ProjectedPaymentCalculationPeriodTermType>Yearly</ProjectedPaymentCalculationPeriodTermType>
<ProjectedPaymentEstimatedEscrowPaymentAmount>0</ProjectedPaymentEstimatedEscrowPaymentAmount>
<ProjectedPaymentMIPaymentAmount>0</ProjectedPaymentMIPaymentAmount>
</PROJECTED_PAYMENT>
</PROJECTED_PAYMENTS>
</INTEGRATED_DISCLOSURE>
</DOCUMENT_SPECIFIC_DATA_SET>
</DOCUMENT_SPECIFIC_DATA_SETS>
<FEE_INFORMATION>
<FEES>
<FEE SequenceNumber="1" xlink:label="FEE1">
<FEE_DETAIL>
<FeeActualTotalAmount>500</FeeActualTotalAmount>
<FeePaidToType>ThirdPartyProvider</FeePaidToType>
<FeeType>AppraisalFee</FeeType>
<IntegratedDisclosureSectionType>ServicesBorrowerDidNotShopFor</IntegratedDisclosureSectionType>
<OptionalCostIndicator>false</OptionalCostIndicator>
</FEE_DETAIL>
<FEE_PAID_TO>
<LEGAL_ENTITY>
<LEGAL_ENTITY_DETAIL>
<FullName>SessionB Modified Payee Name</FullName>
</LEGAL_ENTITY_DETAIL>
</LEGAL_ENTITY>
</FEE_PAID_TO>
<FEE_PAYMENTS>
<FEE_PAYMENT SequenceNumber="1">
<FeeActualPaymentAmount>500</FeeActualPaymentAmount>
<FeePaymentPaidByType>Buyer</FeePaymentPaidByType>
<FeePaymentPaidOutsideOfClosingIndicator>false</FeePaymentPaidOutsideOfClosingIndicator>
</FEE_PAYMENT>
</FEE_PAYMENTS>
</FEE>
</FEES>
</FEE_INFORMATION>
<LOAN_DETAIL>
<AssumabilityIndicator>false</AssumabilityIndicator>
<BalloonIndicator>false</BalloonIndicator>
<ConstructionLoanIndicator>false</ConstructionLoanIndicator>
<DemandFeatureIndicator>false</DemandFeatureIndicator>
<EscrowIndicator>false</EscrowIndicator>
<InterestOnlyIndicator>false</InterestOnlyIndicator>
<InterestRateIncreaseIndicator>false</InterestRateIncreaseIndicator>
<LoanAmountIncreaseIndicator>false</LoanAmountIncreaseIndicator>
<MIRequiredIndicator>false</MIRequiredIndicator>
<NegativeAmortizationIndicator>false</NegativeAmortizationIndicator>
<PaymentIncreaseIndicator>false</PaymentIncreaseIndicator>
<PrepaymentPenaltyIndicator>false</PrepaymentPenaltyIndicator>
</LOAN_DETAIL>
<LOAN_IDENTIFIERS>
<LOAN_IDENTIFIER SequenceNumber="1">
<LoanIdentifierType>LenderLoan</LoanIdentifierType>
</LOAN_IDENTIFIER>
</LOAN_IDENTIFIERS>
<PAYMENT>
<PAYMENT_RULE>
<PaymentFrequencyType>Monthly</PaymentFrequencyType>
</PAYMENT_RULE>
</PAYMENT>
<TERMS_OF_LOAN>
<LoanPurposeType>Purchase</LoanPurposeType>
</TERMS_OF_LOAN>
</LOAN>
</LOANS>
<PARTIES>
<PARTY xlink:label="PARTY1" SequenceNumber="1">
<LEGAL_ENTITY>
<LEGAL_ENTITY_DETAIL>
<FullName>BANK, AMERICA</FullName>
</LEGAL_ENTITY_DETAIL>
</LEGAL_ENTITY>
<ADDRESSES>
<ADDRESS SequenceNumber="1">
<AddressLineText>1 American Way_111</AddressLineText>
<AddressType>Mailing</AddressType>
<CityName>Santa Ana</CityName>
<CountryCode>US</CountryCode>
<PostalCode>92707</PostalCode>
<StateCode>CA</StateCode>
</ADDRESS>
</ADDRESSES>
<ROLES>
<ROLE xlink:label="PARTY1_ROLE1" SequenceNumber="1">
<PARTY_ROLE_IDENTIFIERS>
<PARTY_ROLE_IDENTIFIER SequenceNumber="1">
<PartyRoleIdentifier IdentifierOwnerURI="urn:fdc:realec.com:2013:LDD:PartyID"></PartyRoleIdentifier>
</PARTY_ROLE_IDENTIFIER>
</PARTY_ROLE_IDENTIFIERS>
<ROLE_DETAIL>
<PartyRoleType>Lender</PartyRoleType>
</ROLE_DETAIL>
</ROLE>
<ROLE xlink:label="PARTY1_ROLE2" SequenceNumber="2">
<REQUESTING_PARTY>
<RequestingPartyBranchIdentifier IdentifierOwnerURI="urn:fdc:lender.com:2014:Branchcode"></RequestingPartyBranchIdentifier>
</REQUESTING_PARTY>
</ROLE>
<ROLE xlink:label="PARTY1_ROLE3" SequenceNumber="3">
<ROLE_DETAIL>
<PartyRoleType>NotePayTo</PartyRoleType>
</ROLE_DETAIL>
</ROLE>
</ROLES>
</PARTY>
<PARTY xlink:label="PARTY2" SequenceNumber="2">
<INDIVIDUAL>
<CONTACT_POINTS>
<CONTACT_POINT SequenceNumber="1">
<CONTACT_POINT_EMAIL>
<ContactPointEmailValue>necdyqxd@firstam.com</ContactPointEmailValue>
</CONTACT_POINT_EMAIL>
<CONTACT_POINT_DETAIL>
<ContactPointRoleType>Work</ContactPointRoleType>
</CONTACT_POINT_DETAIL>
</CONTACT_POINT>
<CONTACT_POINT SequenceNumber="2">
<CONTACT_POINT_TELEPHONE>
<ContactPointTelephoneValue>6546546545</ContactPointTelephoneValue>
</CONTACT_POINT_TELEPHONE>
<CONTACT_POINT_DETAIL>
<ContactPointRoleType>Work</ContactPointRoleType>
</CONTACT_POINT_DETAIL>
</CONTACT_POINT>
</CONTACT_POINTS>
<NAME>
<FirstName>Rupesh</FirstName>
<LastName>Chandra</LastName>
</NAME>
</INDIVIDUAL>
<ROLES>
<ROLE xlink:label="PARTY2_ROLE1" SequenceNumber="1">
<ROLE_DETAIL>
<PartyRoleType>LoanOfficer</PartyRoleType>
</ROLE_DETAIL>
</ROLE>
</ROLES>
</PARTY>
<PARTY xlink:label="PARTY3" SequenceNumber="3">
<LEGAL_ENTITY>
<LEGAL_ENTITY_DETAIL>
<FullName>First American Title Insurance Company, First American Title Company Second Name</FullName>
</LEGAL_ENTITY_DETAIL>
</LEGAL_ENTITY>
<ADDRESSES>
<ADDRESS SequenceNumber="1">
<AddressAdditionalLineText>Line Three Line Four</AddressAdditionalLineText>
<AddressLineText>1330 Business Center Drive Line Two</AddressLineText>
<AddressType>Mailing</AddressType>
<CityName>Seattle</CityName>
<CountryCode>US</CountryCode>
<PostalCode>92614</PostalCode>
<StateCode>WA</StateCode>
</ADDRESS>
</ADDRESSES>
<ROLES>
<ROLE xlink:label="PARTY3_ROLE1" SequenceNumber="1">
<LICENSES>
<LICENSE xlink:label="PARTY3_ROLE1_LICENSE2" SequenceNumber="1">
<LICENSE_DETAIL>
<LicenseIdentifier>CASettAgent</LicenseIdentifier>
<LicenseIssuingAuthorityStateCode>CA</LicenseIssuingAuthorityStateCode>
</LICENSE_DETAIL>
</LICENSE>
</LICENSES>
<ROLE_DETAIL>
<PartyRoleType>ClosingAgent</PartyRoleType>
</ROLE_DETAIL>
</ROLE>
</ROLES>
</PARTY>
<PARTY xlink:label="PARTY4" SequenceNumber="4">
<INDIVIDUAL>
<CONTACT_POINTS>
<CONTACT_POINT SequenceNumber="1">
<CONTACT_POINT_EMAIL>
<ContactPointEmailValue>vwskgnzse@gmai.com</ContactPointEmailValue>
</CONTACT_POINT_EMAIL>
<CONTACT_POINT_DETAIL>
<ContactPointRoleType>Work</ContactPointRoleType>
</CONTACT_POINT_DETAIL>
</CONTACT_POINT>
<CONTACT_POINT SequenceNumber="2">
<CONTACT_POINT_TELEPHONE>
<ContactPointTelephoneExtensionValue>1111</ContactPointTelephoneExtensionValue>
<ContactPointTelephoneValue>1111111111</ContactPointTelephoneValue>
</CONTACT_POINT_TELEPHONE>
<CONTACT_POINT_DETAIL>
<ContactPointRoleType>Work</ContactPointRoleType>
</CONTACT_POINT_DETAIL>
</CONTACT_POINT>
</CONTACT_POINTS>
</INDIVIDUAL>
<ROLES>
<ROLE xlink:label="PARTY4_ROLE1" SequenceNumber="1">
<ROLE_DETAIL>
<PartyRoleType>ClosingAgent</PartyRoleType>
</ROLE_DETAIL>
</ROLE>
</ROLES>
</PARTY>
</PARTIES>
<RELATIONSHIPS>
<RELATIONSHIP xlink:arcrole="urn:fdc:mismo.org:2009:residential/ROLE_IsEmployedBy_ROLE" xlink:from="PARTY2_ROLE1" xlink:to="PARTY1_ROLE1" SequenceNumber="1" />
<RELATIONSHIP xlink:arcrole="urn:fdc:mismo.org:2009:residential/ROLE_IsEmployedBy_ROLE" xlink:from="PARTY4_ROLE1" xlink:to="PARTY3_ROLE1" SequenceNumber="2" />
</RELATIONSHIPS>
<SERVICES>
<SERVICE SequenceNumber="1" xlink:label="SERVICE1">
<SERVICE_PRODUCT_FULFILLMENT>
<SERVICE_PRODUCT_FULFILLMENT_DETAIL>
<VendorOrderIdentifier>MismoFileID</VendorOrderIdentifier>
<VendorTransactionIdentifier>MismoFileNumber</VendorTransactionIdentifier>
</SERVICE_PRODUCT_FULFILLMENT_DETAIL>
</SERVICE_PRODUCT_FULFILLMENT>
</SERVICE>
</SERVICES>
</DEAL>
</DEALS>
</DEAL_SET>
</DEAL_SETS>
</MESSAGE>

