<MESSAGE xmlns:xlink="http://www.w3.org/1999/xlink" xmlns="http://www.mismo.org/residential/2009/schemas" MISMOReferenceModelIdentifier="3.3" xmlns:xsi="http://www.w3.org/2001/XMLSchema-instance" xsi:schemaLocation="http://www.mismo.org/residential/2009/schemas file:///C:/projects/AT_FAST/Modules/Tools/Interfaces/MismoDeliveryTool/MismoDeliveryTool/ReferenceModel_v3.3.1_B305/MISMO_3.3.1_B305.xsd">
	<ABOUT_VERSIONS>
		<ABOUT_VERSION SequenceNumber="1">
			<CreatedDatetime>2015-11-25T10:14:50Z</CreatedDatetime>
		</ABOUT_VERSION>
	</ABOUT_VERSIONS>
	<DEAL_SETS>
		<DEAL_SET SequenceNumber="1">
			<DEALS>
				<DEAL SequenceNumber="1" xlink:label="DEAL1">
					<COLLATERALS>
						<COLLATERAL SequenceNumber="1" xlink:label="COLLATERAL1">
							<SUBJECT_PROPERTY>
								<ADDRESS>
									<AddressLineText>136 WYE OAK CT</AddressLineText>
									<CityName>SEVERNA PARK</CityName>
									<PostalCode>21146</PostalCode>
									<StateCode>MD</StateCode>
								</ADDRESS>
								<PROPERTY_VALUATIONS>
									<PROPERTY_VALUATION SequenceNumber="1">
										<PROPERTY_VALUATION_DETAIL>
											<PropertyValuationAmount>370000.00</PropertyValuationAmount>
										</PROPERTY_VALUATION_DETAIL>
									</PROPERTY_VALUATION>
								</PROPERTY_VALUATIONS>
							</SUBJECT_PROPERTY>
						</COLLATERAL>
					</COLLATERALS>
					<LIABILITIES>
						<LIABILITY xlink:label="LIABILITY1" SequenceNumber="1">
							<LIABILITY_DETAIL>
								<LiabilityType>Other</LiabilityType>
								<LiabilityTypeOtherDescription>NAVY FEDERAL CR UNION</LiabilityTypeOtherDescription>
							</LIABILITY_DETAIL>
							<LIABILITY_HOLDER>
								<NAME>
									<FullName>NAVY FEDERAL CR UNION</FullName>
								</NAME>
							</LIABILITY_HOLDER>
							<PAYOFF>
								<PayoffAmount>29284.00</PayoffAmount>
							</PAYOFF>
						</LIABILITY>
						<LIABILITY xlink:label="LIABILITY2" SequenceNumber="2">
							<LIABILITY_DETAIL>
								<LiabilityType>Other</LiabilityType>
								<LiabilityTypeOtherDescription>DITECH FINANCIAL LLC</LiabilityTypeOtherDescription>
							</LIABILITY_DETAIL>
							<LIABILITY_HOLDER>
								<NAME>
									<FullName>DITECH FINANCIAL LLC</FullName>
								</NAME>
							</LIABILITY_HOLDER>
							<PAYOFF>
								<PayoffAmount>106013.00</PayoffAmount>
							</PAYOFF>
						</LIABILITY>
					</LIABILITIES>
					<LOANS>
						<LOAN LoanRoleType="SubjectLoan" SequenceNumber="1" xlink:label="LOAN1">
							<AMORTIZATION>
								<AMORTIZATION_RULE xlink:label="AMORTIZATION_RULE">
									<AmortizationType>Fixed</AmortizationType>
								</AMORTIZATION_RULE>
							</AMORTIZATION>
							<CLOSING_INFORMATION>
								<CLOSING_INFORMATION_DETAIL xlink:label="CLOSING_INFORMATION_DETAIL">
									<CashToBorrowerAtClosingAmount>1847.86</CashToBorrowerAtClosingAmount>
									<ClosingAgentOrderNumberIdentifier>JR15081201</ClosingAgentOrderNumberIdentifier>
									<ClosingDate>2015-11-30</ClosingDate>
									<DisbursementDate>2015-12-04</DisbursementDate>
									<EXTENSION>
										<OTHER/>
									</EXTENSION>
								</CLOSING_INFORMATION_DETAIL>
								<PREPAID_ITEMS>
									<PREPAID_ITEM xlink:label="PREPAID_ITEM1" SequenceNumber="1">
										<PREPAID_ITEM_DETAIL>
											<FeePaidToType>Lender</FeePaidToType>
											<IntegratedDisclosureSectionType>Prepaids</IntegratedDisclosureSectionType>
											<PrepaidItemPaidFromDate>2015-12-04</PrepaidItemPaidFromDate>
											<PrepaidItemPaidThroughDate>2015-12-31</PrepaidItemPaidThroughDate>
											<PrepaidItemPerDiemAmount>10.59</PrepaidItemPerDiemAmount>
											<PrepaidItemPerDiemCalculationMethodType>365</PrepaidItemPerDiemCalculationMethodType>
											<PrepaidItemType>PrepaidInterest</PrepaidItemType>
										</PREPAID_ITEM_DETAIL>
										<PREPAID_ITEM_PAID_TO>
											<LEGAL_ENTITY>
												<LEGAL_ENTITY_DETAIL>
													<FullName>BANK OF AMERICA, N.A.</FullName>
												</LEGAL_ENTITY_DETAIL>
											</LEGAL_ENTITY>
										</PREPAID_ITEM_PAID_TO>
										<PREPAID_ITEM_PAYMENTS>
											<PREPAID_ITEM_PAYMENT SequenceNumber="1">
												<PrepaidItemActualPaymentAmount>296.52</PrepaidItemActualPaymentAmount>
												<PrepaidItemPaymentPaidByType>Buyer</PrepaidItemPaymentPaidByType>
												<PrepaidItemPaymentTimingType>AtClosing</PrepaidItemPaymentTimingType>
											</PREPAID_ITEM_PAYMENT>
										</PREPAID_ITEM_PAYMENTS>
									</PREPAID_ITEM>
								</PREPAID_ITEMS>
							</CLOSING_INFORMATION>
							<DOCUMENT_SPECIFIC_DATA_SETS>
								<DOCUMENT_SPECIFIC_DATA_SET SequenceNumber="1">
									<INTEGRATED_DISCLOSURE>
										<CASH_TO_CLOSE_ITEMS>
											<CASH_TO_CLOSE_ITEM SequenceNumber="1">
												<IntegratedDisclosureCashToCloseItemAmountChangedIndicator>false</IntegratedDisclosureCashToCloseItemAmountChangedIndicator>
												<IntegratedDisclosureCashToCloseItemEstimatedAmount>140500.00</IntegratedDisclosureCashToCloseItemEstimatedAmount>
												<IntegratedDisclosureCashToCloseItemFinalAmount>140500.00</IntegratedDisclosureCashToCloseItemFinalAmount>
												<IntegratedDisclosureCashToCloseItemType>LoanAmount</IntegratedDisclosureCashToCloseItemType>
											</CASH_TO_CLOSE_ITEM>
											<CASH_TO_CLOSE_ITEM SequenceNumber="2">
												<IntegratedDisclosureCashToCloseItemAmountChangedIndicator>true</IntegratedDisclosureCashToCloseItemAmountChangedIndicator>
												<IntegratedDisclosureCashToCloseItemChangeDescription>See Total Loan Costs (D) and Total Other Costs (I)</IntegratedDisclosureCashToCloseItemChangeDescription>
												<IntegratedDisclosureCashToCloseItemEstimatedAmount>-6639.00</IntegratedDisclosureCashToCloseItemEstimatedAmount>
												<IntegratedDisclosureCashToCloseItemFinalAmount>3830.14</IntegratedDisclosureCashToCloseItemFinalAmount>
												<IntegratedDisclosureCashToCloseItemType>TotalClosingCosts</IntegratedDisclosureCashToCloseItemType>
											</CASH_TO_CLOSE_ITEM>
											<CASH_TO_CLOSE_ITEM SequenceNumber="3">
												<IntegratedDisclosureCashToCloseItemAmountChangedIndicator>true</IntegratedDisclosureCashToCloseItemAmountChangedIndicator>
												<IntegratedDisclosureCashToCloseItemChangeDescription>You paid these Closing Costs before closing</IntegratedDisclosureCashToCloseItemChangeDescription>
												<IntegratedDisclosureCashToCloseItemEstimatedAmount>0</IntegratedDisclosureCashToCloseItemEstimatedAmount>
												<IntegratedDisclosureCashToCloseItemFinalAmount>475.00</IntegratedDisclosureCashToCloseItemFinalAmount>
												<IntegratedDisclosureCashToCloseItemType>ClosingCostsPaidBeforeClosing</IntegratedDisclosureCashToCloseItemType>
											</CASH_TO_CLOSE_ITEM>
											<CASH_TO_CLOSE_ITEM SequenceNumber="4">
												<IntegratedDisclosureCashToCloseItemAmountChangedIndicator>true</IntegratedDisclosureCashToCloseItemAmountChangedIndicator>
												<IntegratedDisclosureCashToCloseItemChangeDescription>See Payoffs and Payments(K)</IntegratedDisclosureCashToCloseItemChangeDescription>
												<IntegratedDisclosureCashToCloseItemEstimatedAmount>136709.00</IntegratedDisclosureCashToCloseItemEstimatedAmount>
												<IntegratedDisclosureCashToCloseItemFinalAmount>135297.00</IntegratedDisclosureCashToCloseItemFinalAmount>
												<IntegratedDisclosureCashToCloseItemType>TotalPayoffsAndPayments</IntegratedDisclosureCashToCloseItemType>
											</CASH_TO_CLOSE_ITEM>
											<CASH_TO_CLOSE_ITEM SequenceNumber="5">
												<IntegratedDisclosureCashToCloseItemEstimatedAmount>878.00</IntegratedDisclosureCashToCloseItemEstimatedAmount>
												<IntegratedDisclosureCashToCloseItemPaymentType>FromBorrower</IntegratedDisclosureCashToCloseItemPaymentType>
												<IntegratedDisclosureCashToCloseItemType>CashToCloseTotal</IntegratedDisclosureCashToCloseItemType>
											</CASH_TO_CLOSE_ITEM>
											<CASH_TO_CLOSE_ITEM SequenceNumber="6">
												<IntegratedDisclosureCashToCloseItemFinalAmount>1847.86</IntegratedDisclosureCashToCloseItemFinalAmount>
												<IntegratedDisclosureCashToCloseItemPaymentType>ToBorrower</IntegratedDisclosureCashToCloseItemPaymentType>
												<IntegratedDisclosureCashToCloseItemType>CashToCloseTotal</IntegratedDisclosureCashToCloseItemType>
											</CASH_TO_CLOSE_ITEM>
											<CASH_TO_CLOSE_ITEM SequenceNumber="7">
												<IntegratedDisclosureCashToCloseItemFinalAmount>3830.14</IntegratedDisclosureCashToCloseItemFinalAmount>
												<IntegratedDisclosureCashToCloseItemType>ClosingCostsFinanced</IntegratedDisclosureCashToCloseItemType>
											</CASH_TO_CLOSE_ITEM>
										</CASH_TO_CLOSE_ITEMS>
										<ESTIMATED_PROPERTY_COST>
											<ESTIMATED_PROPERTY_COST_COMPONENTS>
												<ESTIMATED_PROPERTY_COST_COMPONENT SequenceNumber="1">
													<ProjectedPaymentEscrowedType>Escrowed</ProjectedPaymentEscrowedType>
													<ProjectedPaymentEstimatedTaxesInsuranceAssessmentComponentType>PropertyTaxes</ProjectedPaymentEstimatedTaxesInsuranceAssessmentComponentType>
												</ESTIMATED_PROPERTY_COST_COMPONENT>
												<ESTIMATED_PROPERTY_COST_COMPONENT SequenceNumber="2">
													<ProjectedPaymentEscrowedType>Escrowed</ProjectedPaymentEscrowedType>
													<ProjectedPaymentEstimatedTaxesInsuranceAssessmentComponentType>HomeownersInsurance</ProjectedPaymentEstimatedTaxesInsuranceAssessmentComponentType>
												</ESTIMATED_PROPERTY_COST_COMPONENT>
											</ESTIMATED_PROPERTY_COST_COMPONENTS>
											<ESTIMATED_PROPERTY_COST_DETAIL>
												<ProjectedPaymentEstimatedTaxesInsuranceAssessmentTotalAmount>342.65</ProjectedPaymentEstimatedTaxesInsuranceAssessmentTotalAmount>
											</ESTIMATED_PROPERTY_COST_DETAIL>
										</ESTIMATED_PROPERTY_COST>
										<INTEGRATED_DISCLOSURE_DETAIL>
											<FirstYearTotalEscrowPaymentAmount>4011.84</FirstYearTotalEscrowPaymentAmount>
											<FirstYearTotalEscrowPaymentDescription>Hazard Insurance,County Tax</FirstYearTotalEscrowPaymentDescription>
											<FirstYearTotalNonEscrowPaymentAmount>99.96</FirstYearTotalNonEscrowPaymentAmount>
											<FirstYearTotalNonEscrowPaymentDescription>Home Owner's Association Dues</FirstYearTotalNonEscrowPaymentDescription>
											<IntegratedDisclosureDocumentType>ClosingDisclosure</IntegratedDisclosureDocumentType>
											<IntegratedDisclosureHomeEquityLoanIndicator>false</IntegratedDisclosureHomeEquityLoanIndicator>
											<IntegratedDisclosureLoanProductDescription>Fixed Rate</IntegratedDisclosureLoanProductDescription>
										</INTEGRATED_DISCLOSURE_DETAIL>
										<INTEGRATED_DISCLOSURE_SECTION_SUMMARIES>
											<INTEGRATED_DISCLOSURE_SECTION_SUMMARY SequenceNumber="1">
												<INTEGRATED_DISCLOSURE_SECTION_SUMMARY_DETAIL>
													<IntegratedDisclosureSectionTotalAmount>820.63</IntegratedDisclosureSectionTotalAmount>
													<IntegratedDisclosureSectionType>OriginationCharges</IntegratedDisclosureSectionType>
												</INTEGRATED_DISCLOSURE_SECTION_SUMMARY_DETAIL>
											</INTEGRATED_DISCLOSURE_SECTION_SUMMARY>
											<INTEGRATED_DISCLOSURE_SECTION_SUMMARY SequenceNumber="2">
												<INTEGRATED_DISCLOSURE_SECTION_SUMMARY_DETAIL>
													<IntegratedDisclosureSectionTotalAmount>1604.70</IntegratedDisclosureSectionTotalAmount>
													<IntegratedDisclosureSectionType>ServicesBorrowerDidNotShopFor</IntegratedDisclosureSectionType>
												</INTEGRATED_DISCLOSURE_SECTION_SUMMARY_DETAIL>
											</INTEGRATED_DISCLOSURE_SECTION_SUMMARY>
											<INTEGRATED_DISCLOSURE_SECTION_SUMMARY SequenceNumber="3">
												<INTEGRATED_DISCLOSURE_SECTION_SUMMARY_DETAIL>
													<IntegratedDisclosureSectionTotalAmount>0.00</IntegratedDisclosureSectionTotalAmount>
													<IntegratedDisclosureSectionType>ServicesBorrowerDidShopFor</IntegratedDisclosureSectionType>
												</INTEGRATED_DISCLOSURE_SECTION_SUMMARY_DETAIL>
											</INTEGRATED_DISCLOSURE_SECTION_SUMMARY>
											<INTEGRATED_DISCLOSURE_SECTION_SUMMARY SequenceNumber="4">
												<INTEGRATED_DISCLOSURE_SECTION_SUMMARY_DETAIL>
													<IntegratedDisclosureSectionTotalAmount>2425.33</IntegratedDisclosureSectionTotalAmount>
													<IntegratedDisclosureSectionType>TotalLoanCosts</IntegratedDisclosureSectionType>
													<IntegratedDisclosureSubsectionType>LoanCostsSubtotal</IntegratedDisclosureSubsectionType>
												</INTEGRATED_DISCLOSURE_SECTION_SUMMARY_DETAIL>
												<INTEGRATED_DISCLOSURE_SUBSECTION_PAYMENTS>
													<INTEGRATED_DISCLOSURE_SUBSECTION_PAYMENT xlink:label="INTEGRATED_DISCLOSURE_SUBSECTION_PAYMENT1" SequenceNumber="1">
														<IntegratedDisclosureSubsectionPaidByType>Buyer</IntegratedDisclosureSubsectionPaidByType>
														<IntegratedDisclosureSubsectionPaymentAmount>1950.33</IntegratedDisclosureSubsectionPaymentAmount>
														<IntegratedDisclosureSubsectionPaymentTimingType>AtClosing</IntegratedDisclosureSubsectionPaymentTimingType>
													</INTEGRATED_DISCLOSURE_SUBSECTION_PAYMENT>
													<INTEGRATED_DISCLOSURE_SUBSECTION_PAYMENT xlink:label="INTEGRATED_DISCLOSURE_SUBSECTION_PAYMENT2" SequenceNumber="2">
														<IntegratedDisclosureSubsectionPaidByType>Buyer</IntegratedDisclosureSubsectionPaidByType>
														<IntegratedDisclosureSubsectionPaymentAmount>475.00</IntegratedDisclosureSubsectionPaymentAmount>
														<IntegratedDisclosureSubsectionPaymentTimingType>BeforeClosing</IntegratedDisclosureSubsectionPaymentTimingType>
													</INTEGRATED_DISCLOSURE_SUBSECTION_PAYMENT>
												</INTEGRATED_DISCLOSURE_SUBSECTION_PAYMENTS>
											</INTEGRATED_DISCLOSURE_SECTION_SUMMARY>
											<INTEGRATED_DISCLOSURE_SECTION_SUMMARY SequenceNumber="5">
												<INTEGRATED_DISCLOSURE_SECTION_SUMMARY_DETAIL>
													<IntegratedDisclosureSectionTotalAmount>105.50</IntegratedDisclosureSectionTotalAmount>
													<IntegratedDisclosureSectionType>TaxesAndOtherGovernmentFees</IntegratedDisclosureSectionType>
												</INTEGRATED_DISCLOSURE_SECTION_SUMMARY_DETAIL>
											</INTEGRATED_DISCLOSURE_SECTION_SUMMARY>
											<INTEGRATED_DISCLOSURE_SECTION_SUMMARY SequenceNumber="6">
												<INTEGRATED_DISCLOSURE_SECTION_SUMMARY_DETAIL>
													<IntegratedDisclosureSectionTotalAmount>296.52</IntegratedDisclosureSectionTotalAmount>
													<IntegratedDisclosureSectionType>Prepaids</IntegratedDisclosureSectionType>
												</INTEGRATED_DISCLOSURE_SECTION_SUMMARY_DETAIL>
											</INTEGRATED_DISCLOSURE_SECTION_SUMMARY>
											<INTEGRATED_DISCLOSURE_SECTION_SUMMARY SequenceNumber="7">
												<INTEGRATED_DISCLOSURE_SECTION_SUMMARY_DETAIL>
													<IntegratedDisclosureSectionTotalAmount>1002.79</IntegratedDisclosureSectionTotalAmount>
													<IntegratedDisclosureSectionType>InitialEscrowPaymentAtClosing</IntegratedDisclosureSectionType>
												</INTEGRATED_DISCLOSURE_SECTION_SUMMARY_DETAIL>
											</INTEGRATED_DISCLOSURE_SECTION_SUMMARY>
											<INTEGRATED_DISCLOSURE_SECTION_SUMMARY SequenceNumber="8">
												<INTEGRATED_DISCLOSURE_SECTION_SUMMARY_DETAIL>
													<IntegratedDisclosureSectionTotalAmount>0.00</IntegratedDisclosureSectionTotalAmount>
													<IntegratedDisclosureSectionType>OtherCosts</IntegratedDisclosureSectionType>
												</INTEGRATED_DISCLOSURE_SECTION_SUMMARY_DETAIL>
											</INTEGRATED_DISCLOSURE_SECTION_SUMMARY>
											<INTEGRATED_DISCLOSURE_SECTION_SUMMARY SequenceNumber="9">
												<INTEGRATED_DISCLOSURE_SECTION_SUMMARY_DETAIL>
													<IntegratedDisclosureSectionTotalAmount>1404.81</IntegratedDisclosureSectionTotalAmount>
													<IntegratedDisclosureSectionType>TotalOtherCosts</IntegratedDisclosureSectionType>
													<IntegratedDisclosureSubsectionType>OtherCostsSubtotal</IntegratedDisclosureSubsectionType>
												</INTEGRATED_DISCLOSURE_SECTION_SUMMARY_DETAIL>
												<INTEGRATED_DISCLOSURE_SUBSECTION_PAYMENTS>
													<INTEGRATED_DISCLOSURE_SUBSECTION_PAYMENT xlink:label="INTEGRATED_DISCLOSURE_SUBSECTION_PAYMENT1" SequenceNumber="1">
														<IntegratedDisclosureSubsectionPaidByType>Buyer</IntegratedDisclosureSubsectionPaidByType>
														<IntegratedDisclosureSubsectionPaymentAmount>1404.81</IntegratedDisclosureSubsectionPaymentAmount>
														<IntegratedDisclosureSubsectionPaymentTimingType>AtClosing</IntegratedDisclosureSubsectionPaymentTimingType>
													</INTEGRATED_DISCLOSURE_SUBSECTION_PAYMENT>
												</INTEGRATED_DISCLOSURE_SUBSECTION_PAYMENTS>
											</INTEGRATED_DISCLOSURE_SECTION_SUMMARY>
											<INTEGRATED_DISCLOSURE_SECTION_SUMMARY SequenceNumber="10">
												<INTEGRATED_DISCLOSURE_SECTION_SUMMARY_DETAIL>
													<IntegratedDisclosureSectionTotalAmount>3830.14</IntegratedDisclosureSectionTotalAmount>
													<IntegratedDisclosureSectionType>TotalClosingCosts</IntegratedDisclosureSectionType>
													<IntegratedDisclosureSubsectionType>ClosingCostsSubtotal</IntegratedDisclosureSubsectionType>
												</INTEGRATED_DISCLOSURE_SECTION_SUMMARY_DETAIL>
												<INTEGRATED_DISCLOSURE_SUBSECTION_PAYMENTS>
													<INTEGRATED_DISCLOSURE_SUBSECTION_PAYMENT xlink:label="INTEGRATED_DISCLOSURE_SUBSECTION_PAYMENT1" SequenceNumber="1">
														<IntegratedDisclosureSubsectionPaidByType>Buyer</IntegratedDisclosureSubsectionPaidByType>
														<IntegratedDisclosureSubsectionPaymentAmount>3355.14</IntegratedDisclosureSubsectionPaymentAmount>
														<IntegratedDisclosureSubsectionPaymentTimingType>AtClosing</IntegratedDisclosureSubsectionPaymentTimingType>
													</INTEGRATED_DISCLOSURE_SUBSECTION_PAYMENT>
													<INTEGRATED_DISCLOSURE_SUBSECTION_PAYMENT xlink:label="INTEGRATED_DISCLOSURE_SUBSECTION_PAYMENT2" SequenceNumber="2">
														<IntegratedDisclosureSubsectionPaidByType>Buyer</IntegratedDisclosureSubsectionPaidByType>
														<IntegratedDisclosureSubsectionPaymentAmount>475.00</IntegratedDisclosureSubsectionPaymentAmount>
														<IntegratedDisclosureSubsectionPaymentTimingType>BeforeClosing</IntegratedDisclosureSubsectionPaymentTimingType>
													</INTEGRATED_DISCLOSURE_SUBSECTION_PAYMENT>
												</INTEGRATED_DISCLOSURE_SUBSECTION_PAYMENTS>
											</INTEGRATED_DISCLOSURE_SECTION_SUMMARY>
											<INTEGRATED_DISCLOSURE_SECTION_SUMMARY SequenceNumber="11">
												<INTEGRATED_DISCLOSURE_SECTION_SUMMARY_DETAIL xlink:label="INTEGRATED_DISCLOSURE_SECTION_SUMMARY_DETAIL11">
													<IntegratedDisclosureSectionType>TotalClosingCosts</IntegratedDisclosureSectionType>
													<IntegratedDisclosureSubsectionTotalAmount>0.00</IntegratedDisclosureSubsectionTotalAmount>
													<IntegratedDisclosureSubsectionType>LenderCredits</IntegratedDisclosureSubsectionType>
												</INTEGRATED_DISCLOSURE_SECTION_SUMMARY_DETAIL>
												<INTEGRATED_DISCLOSURE_SUBSECTION_PAYMENTS>
													<INTEGRATED_DISCLOSURE_SUBSECTION_PAYMENT xlink:label="INTEGRATED_DISCLOSURE_SUBSECTION_PAYMENT1" SequenceNumber="1">
														<IntegratedDisclosureSubsectionPaidByType>Buyer</IntegratedDisclosureSubsectionPaidByType>
														<IntegratedDisclosureSubsectionPaymentAmount>0.00</IntegratedDisclosureSubsectionPaymentAmount>
														<IntegratedDisclosureSubsectionPaymentTimingType>AtClosing</IntegratedDisclosureSubsectionPaymentTimingType>
													</INTEGRATED_DISCLOSURE_SUBSECTION_PAYMENT>
												</INTEGRATED_DISCLOSURE_SUBSECTION_PAYMENTS>
											</INTEGRATED_DISCLOSURE_SECTION_SUMMARY>
											<INTEGRATED_DISCLOSURE_SECTION_SUMMARY SequenceNumber="12">
												<INTEGRATED_DISCLOSURE_SECTION_SUMMARY_DETAIL>
													<IntegratedDisclosureSectionTotalAmount>135297.00</IntegratedDisclosureSectionTotalAmount>
													<IntegratedDisclosureSectionType>PayoffsAndPayments</IntegratedDisclosureSectionType>
												</INTEGRATED_DISCLOSURE_SECTION_SUMMARY_DETAIL>
											</INTEGRATED_DISCLOSURE_SECTION_SUMMARY>
										</INTEGRATED_DISCLOSURE_SECTION_SUMMARIES>
										<PROJECTED_PAYMENTS>
											<PROJECTED_PAYMENT SequenceNumber="1">
												<PaymentFrequencyType>Monthly</PaymentFrequencyType>
												<ProjectedPaymentCalculationPeriodEndNumber>10</ProjectedPaymentCalculationPeriodEndNumber>
												<ProjectedPaymentCalculationPeriodStartNumber>1</ProjectedPaymentCalculationPeriodStartNumber>
												<ProjectedPaymentCalculationPeriodTermType>Yearly</ProjectedPaymentCalculationPeriodTermType>
												<ProjectedPaymentEstimatedEscrowPaymentAmount>334.32</ProjectedPaymentEstimatedEscrowPaymentAmount>
												<ProjectedPaymentEstimatedTotalMaximumPaymentAmount>1674.84</ProjectedPaymentEstimatedTotalMaximumPaymentAmount>
												<ProjectedPaymentMIPaymentAmount>0</ProjectedPaymentMIPaymentAmount>
												<ProjectedPaymentPrincipalAndInterestMaximumPaymentAmount>1340.52</ProjectedPaymentPrincipalAndInterestMaximumPaymentAmount>
											</PROJECTED_PAYMENT>
										</PROJECTED_PAYMENTS>
									</INTEGRATED_DISCLOSURE>
								</DOCUMENT_SPECIFIC_DATA_SET>
							</DOCUMENT_SPECIFIC_DATA_SETS>
							<ESCROW>
								<ESCROW_DETAIL xlink:label="ESCROW_DETAIL">
									<EscrowAggregateAccountingAdjustmentAmount>126.89</EscrowAggregateAccountingAdjustmentAmount>
								</ESCROW_DETAIL>
								<ESCROW_ITEMS>
									<ESCROW_ITEM xlink:label="ESCROW1" SequenceNumber="1">
										<ESCROW_ITEM_DETAIL>
											<EscrowCollectedNumberOfMonthsCount>8</EscrowCollectedNumberOfMonthsCount>
											<EscrowItemCategoryType>HomeownersInsurance</EscrowItemCategoryType>
											<EscrowMonthlyPaymentAmount>76.84</EscrowMonthlyPaymentAmount>
											<FeePaidToType>ThirdPartyProvider</FeePaidToType>
											<IntegratedDisclosureSectionType>InitialEscrowPaymentAtClosing</IntegratedDisclosureSectionType>
										</ESCROW_ITEM_DETAIL>
										<ESCROW_ITEM_PAYMENTS>
											<ESCROW_ITEM_PAYMENT SequenceNumber="1">
												<EscrowItemActualPaymentAmount>614.72</EscrowItemActualPaymentAmount>
												<EscrowItemPaymentPaidByType>Buyer</EscrowItemPaymentPaidByType>
											</ESCROW_ITEM_PAYMENT>
										</ESCROW_ITEM_PAYMENTS>
									</ESCROW_ITEM>
									<ESCROW_ITEM xlink:label="ESCROW2" SequenceNumber="2">
										<ESCROW_ITEM_DETAIL>
											<EscrowCollectedNumberOfMonthsCount>2</EscrowCollectedNumberOfMonthsCount>
											<EscrowItemCategoryType>PropertyTaxes</EscrowItemCategoryType>
											<EscrowMonthlyPaymentAmount>257.48</EscrowMonthlyPaymentAmount>
											<FeePaidToType>ThirdPartyProvider</FeePaidToType>
											<IntegratedDisclosureSectionType>InitialEscrowPaymentAtClosing</IntegratedDisclosureSectionType>
										</ESCROW_ITEM_DETAIL>
										<ESCROW_ITEM_PAYMENTS>
											<ESCROW_ITEM_PAYMENT SequenceNumber="1">
												<EscrowItemActualPaymentAmount>514.96</EscrowItemActualPaymentAmount>
												<EscrowItemPaymentPaidByType>Buyer</EscrowItemPaymentPaidByType>
											</ESCROW_ITEM_PAYMENT>
										</ESCROW_ITEM_PAYMENTS>
									</ESCROW_ITEM>
								</ESCROW_ITEMS>
							</ESCROW>
							<FEE_INFORMATION>
								<FEES>
									<FEE SequenceNumber="1" xlink:label="FEE1">
										<FEE_DETAIL>
											<FeeActualTotalAmount>175.63</FeeActualTotalAmount>
											<FeePaidToType>Lender</FeePaidToType>
											<FeePercentBasisType>OriginalLoanAmount</FeePercentBasisType>
											<FeeTotalPercent>0.125</FeeTotalPercent>
											<FeeType>LoanDiscountPoints</FeeType>
											<IntegratedDisclosureSectionType>OriginationCharges</IntegratedDisclosureSectionType>
											<OptionalCostIndicator>false</OptionalCostIndicator>
										</FEE_DETAIL>
										<FEE_PAID_TO>
											<LEGAL_ENTITY>
												<LEGAL_ENTITY_DETAIL>
													<FullName>BANK OF AMERICA, N.A.</FullName>
												</LEGAL_ENTITY_DETAIL>
											</LEGAL_ENTITY>
										</FEE_PAID_TO>
										<FEE_PAYMENTS>
											<FEE_PAYMENT xlink:label="FEE_PAYMENT1" SequenceNumber="1">
												<FeeActualPaymentAmount>175.63</FeeActualPaymentAmount>
												<FeePaymentPaidByType>Buyer</FeePaymentPaidByType>
												<FeePaymentPaidOutsideOfClosingIndicator>false</FeePaymentPaidOutsideOfClosingIndicator>
											</FEE_PAYMENT>
										</FEE_PAYMENTS>
									</FEE>
									<FEE SequenceNumber="2" xlink:label="FEE2">
										<FEE_DETAIL>
											<FeeActualTotalAmount>645.00</FeeActualTotalAmount>
											<FeePaidToType>Lender</FeePaidToType>
											<FeeType DisplayLabelText="Lender Origination Fee">LoanOriginationFee</FeeType>
											<IntegratedDisclosureSectionType>OriginationCharges</IntegratedDisclosureSectionType>
											<OptionalCostIndicator>false</OptionalCostIndicator>
										</FEE_DETAIL>
										<FEE_PAID_TO>
											<LEGAL_ENTITY>
												<LEGAL_ENTITY_DETAIL>
													<FullName>BANK OF AMERICA, N.A.</FullName>
												</LEGAL_ENTITY_DETAIL>
											</LEGAL_ENTITY>
										</FEE_PAID_TO>
										<FEE_PAYMENTS>
											<FEE_PAYMENT xlink:label="FEE_PAYMENT1" SequenceNumber="1">
												<FeeActualPaymentAmount>645.00</FeeActualPaymentAmount>
												<FeePaymentPaidByType>Buyer</FeePaymentPaidByType>
												<FeePaymentPaidOutsideOfClosingIndicator>false</FeePaymentPaidOutsideOfClosingIndicator>
											</FEE_PAYMENT>
										</FEE_PAYMENTS>
									</FEE>
									<FEE SequenceNumber="3" xlink:label="FEE3">
										<FEE_DETAIL>
											<FeeActualTotalAmount>460.00</FeeActualTotalAmount>
											<FeePaidToType>ThirdPartyProvider</FeePaidToType>
											<FeeType DisplayLabelText="Appraisal Fee">AppraisalFee</FeeType>
											<IntegratedDisclosureSectionType>ServicesBorrowerDidNotShopFor</IntegratedDisclosureSectionType>
											<OptionalCostIndicator>false</OptionalCostIndicator>
										</FEE_DETAIL>
										<FEE_PAID_TO>
											<LEGAL_ENTITY>
												<LEGAL_ENTITY_DETAIL>
													<FullName>LandSafe Appraisal Services, Inc.</FullName>
												</LEGAL_ENTITY_DETAIL>
											</LEGAL_ENTITY>
										</FEE_PAID_TO>
										<FEE_PAYMENTS>
											<FEE_PAYMENT xlink:label="FEE_PAYMENT1" SequenceNumber="1">
												<FeeActualPaymentAmount>460.00</FeeActualPaymentAmount>
												<FeePaymentPaidByType>Buyer</FeePaymentPaidByType>
												<FeePaymentPaidOutsideOfClosingIndicator>true</FeePaymentPaidOutsideOfClosingIndicator>
											</FEE_PAYMENT>
										</FEE_PAYMENTS>
									</FEE>
									<FEE SequenceNumber="4" xlink:label="FEE4">
										<FEE_DETAIL>
											<FeeActualTotalAmount>15.00</FeeActualTotalAmount>
											<FeePaidToType>ThirdPartyProvider</FeePaidToType>
											<FeeType DisplayLabelText="Credit Report Fee">CreditReportFee</FeeType>
											<IntegratedDisclosureSectionType>ServicesBorrowerDidNotShopFor</IntegratedDisclosureSectionType>
											<OptionalCostIndicator>false</OptionalCostIndicator>
										</FEE_DETAIL>
										<FEE_PAID_TO>
											<LEGAL_ENTITY>
												<LEGAL_ENTITY_DETAIL>
													<FullName>CoreLogic Credco</FullName>
												</LEGAL_ENTITY_DETAIL>
											</LEGAL_ENTITY>
										</FEE_PAID_TO>
										<FEE_PAYMENTS>
											<FEE_PAYMENT xlink:label="FEE_PAYMENT1" SequenceNumber="1">
												<FeeActualPaymentAmount>15.00</FeeActualPaymentAmount>
												<FeePaymentPaidByType>Buyer</FeePaymentPaidByType>
												<FeePaymentPaidOutsideOfClosingIndicator>true</FeePaymentPaidOutsideOfClosingIndicator>
											</FEE_PAYMENT>
										</FEE_PAYMENTS>
									</FEE>
									<FEE SequenceNumber="5" xlink:label="FEE5">
										<FEE_DETAIL>
											<FeeActualTotalAmount>17.00</FeeActualTotalAmount>
											<FeePaidToType>ThirdPartyProvider</FeePaidToType>
											<FeeType DisplayLabelText="Life of Loan Flood Monitoring">FloodCertification</FeeType>
											<IntegratedDisclosureSectionType>ServicesBorrowerDidNotShopFor</IntegratedDisclosureSectionType>
											<OptionalCostIndicator>false</OptionalCostIndicator>
										</FEE_DETAIL>
										<FEE_PAID_TO>
											<LEGAL_ENTITY>
												<LEGAL_ENTITY_DETAIL>
													<FullName>CoreLogic Flood Services LLC</FullName>
												</LEGAL_ENTITY_DETAIL>
											</LEGAL_ENTITY>
										</FEE_PAID_TO>
										<FEE_PAYMENTS>
											<FEE_PAYMENT xlink:label="FEE_PAYMENT1" SequenceNumber="1">
												<FeeActualPaymentAmount>17.00</FeeActualPaymentAmount>
												<FeePaymentPaidByType>Buyer</FeePaymentPaidByType>
												<FeePaymentPaidOutsideOfClosingIndicator>false</FeePaymentPaidOutsideOfClosingIndicator>
											</FEE_PAYMENT>
										</FEE_PAYMENTS>
									</FEE>
									<FEE SequenceNumber="6" xlink:label="FEE6">
										<FEE_DETAIL>
											<FeeActualTotalAmount>89.00</FeeActualTotalAmount>
											<FeePaidToType>ThirdPartyProvider</FeePaidToType>
											<FeeType DisplayLabelText="Tax Service Fee">PropertyTaxStatusResearchFee</FeeType>
											<IntegratedDisclosureSectionType>ServicesBorrowerDidNotShopFor</IntegratedDisclosureSectionType>
											<OptionalCostIndicator>false</OptionalCostIndicator>
										</FEE_DETAIL>
										<FEE_PAID_TO>
											<LEGAL_ENTITY>
												<LEGAL_ENTITY_DETAIL>
													<FullName>CoreLogic Tax Services LLC</FullName>
												</LEGAL_ENTITY_DETAIL>
											</LEGAL_ENTITY>
										</FEE_PAID_TO>
										<FEE_PAYMENTS>
											<FEE_PAYMENT xlink:label="FEE_PAYMENT1" SequenceNumber="1">
												<FeeActualPaymentAmount>89.00</FeeActualPaymentAmount>
												<FeePaymentPaidByType>Buyer</FeePaymentPaidByType>
												<FeePaymentPaidOutsideOfClosingIndicator>false</FeePaymentPaidOutsideOfClosingIndicator>
											</FEE_PAYMENT>
										</FEE_PAYMENTS>
									</FEE>
									<FEE SequenceNumber="7" xlink:label="FEE7">
										<FEE_DETAIL>
											<FeeActualTotalAmount>695.00</FeeActualTotalAmount>
											<FeePaidToType>ThirdPartyProvider</FeePaidToType>
											<FeeType DisplayLabelText="Title - Closing/Escrow Fee">TitleClosingFee</FeeType>
											<IntegratedDisclosureSectionType>ServicesBorrowerDidNotShopFor</IntegratedDisclosureSectionType>
											<OptionalCostIndicator>false</OptionalCostIndicator>
										</FEE_DETAIL>
										<FEE_PAID_TO>
											<LEGAL_ENTITY>
												<LEGAL_ENTITY_DETAIL>
													<FullName>First American Title Insurance Company M</FullName>
												</LEGAL_ENTITY_DETAIL>
											</LEGAL_ENTITY>
										</FEE_PAID_TO>
										<FEE_PAYMENTS>
											<FEE_PAYMENT xlink:label="FEE_PAYMENT1" SequenceNumber="1">
												<FeeActualPaymentAmount>695.00</FeeActualPaymentAmount>
												<FeePaymentPaidByType>Buyer</FeePaymentPaidByType>
												<FeePaymentPaidOutsideOfClosingIndicator>false</FeePaymentPaidOutsideOfClosingIndicator>
											</FEE_PAYMENT>
										</FEE_PAYMENTS>
									</FEE>
									<FEE SequenceNumber="8" xlink:label="FEE8">
										<FEE_DETAIL>
											<FeeActualTotalAmount>328.70</FeeActualTotalAmount>
											<FeePaidToType>ThirdPartyProvider</FeePaidToType>
											<FeeType DisplayLabelText="Title - Lender's Title Insurance">TitleLendersCoveragePremium</FeeType>
											<IntegratedDisclosureSectionType>ServicesBorrowerDidNotShopFor</IntegratedDisclosureSectionType>
											<OptionalCostIndicator>false</OptionalCostIndicator>
										</FEE_DETAIL>
										<FEE_PAID_TO>
											<LEGAL_ENTITY>
												<LEGAL_ENTITY_DETAIL>
													<FullName>First American Title Insurance Company M</FullName>
												</LEGAL_ENTITY_DETAIL>
											</LEGAL_ENTITY>
										</FEE_PAID_TO>
										<FEE_PAYMENTS>
											<FEE_PAYMENT xlink:label="FEE_PAYMENT1" SequenceNumber="1">
												<FeeActualPaymentAmount>328.70</FeeActualPaymentAmount>
												<FeePaymentPaidByType>Buyer</FeePaymentPaidByType>
												<FeePaymentPaidOutsideOfClosingIndicator>false</FeePaymentPaidOutsideOfClosingIndicator>
											</FEE_PAYMENT>
										</FEE_PAYMENTS>
									</FEE>
									<FEE SequenceNumber="9" xlink:label="FEE9">
										<FEE_DETAIL>
											<FeeActualTotalAmount>60.00</FeeActualTotalAmount>
											<FeeType>RecordingFeeTotal</FeeType>
											<IntegratedDisclosureSectionType>TaxesAndOtherGovernmentFees</IntegratedDisclosureSectionType>
											<OptionalCostIndicator>false</OptionalCostIndicator>
										</FEE_DETAIL>
										<FEE_PAYMENTS>
											<FEE_PAYMENT xlink:label="FEE_PAYMENT1" SequenceNumber="1">
												<FeeActualPaymentAmount>60.00</FeeActualPaymentAmount>
												<FeePaymentPaidByType>Buyer</FeePaymentPaidByType>
												<FeePaymentPaidOutsideOfClosingIndicator>false</FeePaymentPaidOutsideOfClosingIndicator>
											</FEE_PAYMENT>
										</FEE_PAYMENTS>
									</FEE>
									<FEE SequenceNumber="10" xlink:label="FEE10">
										<FEE_DETAIL>
											<FeeActualTotalAmount>60.00</FeeActualTotalAmount>
											<FeeType>RecordingFeeForMortgage</FeeType>
											<IntegratedDisclosureSectionType>TaxesAndOtherGovernmentFees</IntegratedDisclosureSectionType>
											<OptionalCostIndicator>false</OptionalCostIndicator>
										</FEE_DETAIL>
										<FEE_PAID_TO>
											<LEGAL_ENTITY>
												<LEGAL_ENTITY_DETAIL>
													<FullName>tbd</FullName>
												</LEGAL_ENTITY_DETAIL>
											</LEGAL_ENTITY>
										</FEE_PAID_TO>
										<FEE_PAYMENTS>
											<FEE_PAYMENT xlink:label="FEE_PAYMENT1" SequenceNumber="1">
												<FeeActualPaymentAmount>60.00</FeeActualPaymentAmount>
												<FeePaymentPaidByType>Buyer</FeePaymentPaidByType>
												<FeePaymentPaidOutsideOfClosingIndicator>false</FeePaymentPaidOutsideOfClosingIndicator>
											</FEE_PAYMENT>
										</FEE_PAYMENTS>
									</FEE>
									<FEE SequenceNumber="11" xlink:label="FEE11">
										<FEE_DETAIL>
											<FeeActualTotalAmount>45.50</FeeActualTotalAmount>
											<FeeType DisplayLabelText="State Tax/Stamps Mortgage">MortgageSurchargeState</FeeType>
											<IntegratedDisclosureSectionType>TaxesAndOtherGovernmentFees</IntegratedDisclosureSectionType>
											<OptionalCostIndicator>false</OptionalCostIndicator>
										</FEE_DETAIL>
										<FEE_PAID_TO>
											<LEGAL_ENTITY>
												<LEGAL_ENTITY_DETAIL>
													<FullName>tbd</FullName>
												</LEGAL_ENTITY_DETAIL>
											</LEGAL_ENTITY>
										</FEE_PAID_TO>
										<FEE_PAYMENTS>
											<FEE_PAYMENT xlink:label="FEE_PAYMENT1" SequenceNumber="1">
												<FeeActualPaymentAmount>45.50</FeeActualPaymentAmount>
												<FeePaymentPaidByType>Buyer</FeePaymentPaidByType>
												<FeePaymentPaidOutsideOfClosingIndicator>false</FeePaymentPaidOutsideOfClosingIndicator>
											</FEE_PAYMENT>
										</FEE_PAYMENTS>
									</FEE>
								</FEES>
								<FEES_SUMMARY>
									<FEE_SUMMARY_DETAIL>
										<APRPercent>2.988</APRPercent>
										<FeeSummaryTotalAmountFinancedAmount>138581.85</FeeSummaryTotalAmountFinancedAmount>
										<FeeSummaryTotalFinanceChargeAmount>22280.55</FeeSummaryTotalFinanceChargeAmount>
										<FeeSummaryTotalInterestPercent>14.704</FeeSummaryTotalInterestPercent>
										<FeeSummaryTotalOfAllPaymentsAmount>163584.99</FeeSummaryTotalOfAllPaymentsAmount>
									</FEE_SUMMARY_DETAIL>
								</FEES_SUMMARY>
							</FEE_INFORMATION>
							<FORECLOSURES>
								<FORECLOSURE SequenceNumber="1" xlink:label="FORECLOSURE1">
									<FORECLOSURE_DETAIL>
										<DeficiencyRightsPreservedIndicator>false</DeficiencyRightsPreservedIndicator>
									</FORECLOSURE_DETAIL>
								</FORECLOSURE>
							</FORECLOSURES>
							<LATE_CHARGE>
								<LATE_CHARGE_RULE>
									<LateChargeGracePeriodDaysCount>15</LateChargeGracePeriodDaysCount>
									<LateChargeRatePercent>5</LateChargeRatePercent>
									<LateChargeType>PercentageOfTotalPayment</LateChargeType>
								</LATE_CHARGE_RULE>
							</LATE_CHARGE>
							<LOAN_COMMENTS>
								<LOAN_COMMENT SequenceNumber="1" xlink:label="LOAN_COMMENT1">
									<LoanCommentDatetime>2015-11-25T10:14:50Z</LoanCommentDatetime>
									<LoanCommentSourceDescription>Source 3 coming from Various parties</LoanCommentSourceDescription>
									<LoanCommentText>Closing Date on the Lender Closing Disclosure | Accepted previous value (11/30/2015) | </LoanCommentText>
								</LOAN_COMMENT>
								<LOAN_COMMENT SequenceNumber="2" xlink:label="LOAN_COMMENT2">
									<LoanCommentDatetime>2015-11-25T10:14:50Z</LoanCommentDatetime>
									<LoanCommentText>Disbursement Date on the Lender Closing Disclosure | Accepted previous value (12/04/2015) | </LoanCommentText>
								</LOAN_COMMENT>
								<LOAN_COMMENT SequenceNumber="3" xlink:label="LOAN_COMMENT3">
									<LoanCommentDatetime>2015-11-25T10:14:50Z</LoanCommentDatetime>
									<LoanCommentText>Escrow Aggregate Accounting Adjustment Amount on the Lender Closing Disclosure | Accepted previous value (126.89) | </LoanCommentText>
								</LOAN_COMMENT>
								<LOAN_COMMENT SequenceNumber="4" xlink:label="LOAN_COMMENT4">
									<LoanCommentDatetime>2015-11-25T10:14:50Z</LoanCommentDatetime>
									<LoanCommentText>Loan Discount Points Fee Type Fee Total Percent on the Lender Closing Disclosure | Accepted previous value (0.125) | </LoanCommentText>
								</LOAN_COMMENT>
								<LOAN_COMMENT SequenceNumber="5" xlink:label="LOAN_COMMENT5">
									<LoanCommentDatetime>2015-11-25T10:14:50Z</LoanCommentDatetime>
									<LoanCommentText>Borrower Postal Code on the Lender Closing Disclosure | Accepted previous value (21146-2169) | </LoanCommentText>
								</LOAN_COMMENT>
								<LOAN_COMMENT SequenceNumber="6" xlink:label="LOAN_COMMENT6">
									<LoanCommentText>Borrower Postal Code on the Lender Closing Disclosure | Accepted previous value (21146-2169) | </LoanCommentText>
								</LOAN_COMMENT>
								<LOAN_COMMENT SequenceNumber="7" xlink:label="LOAN_COMMENT7">
									<LoanCommentText>please upload fees and payee for recording</LoanCommentText>
								</LOAN_COMMENT>
							</LOAN_COMMENTS>
							<LOAN_DETAIL>
								<AssumabilityIndicator>false</AssumabilityIndicator>
								<BalloonIndicator>false</BalloonIndicator>
								<BuydownTemporarySubsidyFundingIndicator>false</BuydownTemporarySubsidyFundingIndicator>
								<ConstructionLoanIndicator>false</ConstructionLoanIndicator>
								<DemandFeatureIndicator>false</DemandFeatureIndicator>
								<EscrowIndicator>true</EscrowIndicator>
								<InterestOnlyIndicator>false</InterestOnlyIndicator>
								<InterestRateIncreaseIndicator>false</InterestRateIncreaseIndicator>
								<LoanAmountIncreaseIndicator>false</LoanAmountIncreaseIndicator>
								<MIRequiredIndicator>false</MIRequiredIndicator>
								<NegativeAmortizationIndicator>false</NegativeAmortizationIndicator>
								<PaymentIncreaseIndicator>false</PaymentIncreaseIndicator>
								<PrepaymentPenaltyIndicator>false</PrepaymentPenaltyIndicator>
								<SeasonalPaymentFeatureIndicator>false</SeasonalPaymentFeatureIndicator>
								<EXTENSION>
									<OTHER/>
								</EXTENSION>
							</LOAN_DETAIL>
							<LOAN_IDENTIFIERS>
								<LOAN_IDENTIFIER xlink:label="LOAN_IDENTIFIER1" SequenceNumber="1">
									<LoanIdentifier IdentifierOwnerURI="http://www.bankofamerica.com/title/TitleLink/49892">252700040</LoanIdentifier>
									<LoanIdentifierType>LenderLoan</LoanIdentifierType>
								</LOAN_IDENTIFIER>
							</LOAN_IDENTIFIERS>
							<MATURITY>
								<MATURITY_RULE>
									<LoanMaturityPeriodCount>120</LoanMaturityPeriodCount>
									<LoanMaturityPeriodType>Month</LoanMaturityPeriodType>
									<LoanTermMaximumMonthsCount>120</LoanTermMaximumMonthsCount>
								</MATURITY_RULE>
							</MATURITY>
							<PAYMENT>
								<PARTIAL_PAYMENTS>
									<PARTIAL_PAYMENT xlink:label="PARTIAL_PAYMENT1" SequenceNumber="1">
										<PartialPaymentApplicationMethodType>HoldUntilCompleteAmount</PartialPaymentApplicationMethodType>
									</PARTIAL_PAYMENT>
								</PARTIAL_PAYMENTS>
								<PAYMENT_RULE xlink:label="PAYMENT_RULE">
									<InitialPrincipalAndInterestPaymentAmount>1340.52</InitialPrincipalAndInterestPaymentAmount>
									<PartialPaymentAllowedIndicator>true</PartialPaymentAllowedIndicator>
									<PaymentFrequencyType>Monthly</PaymentFrequencyType>
									<PaymentOptionIndicator>false</PaymentOptionIndicator>
								</PAYMENT_RULE>
							</PAYMENT>
							<TERMS_OF_LOAN>
								<LienPriorityType>FirstLien</LienPriorityType>
								<LoanPurposeType>Refinance</LoanPurposeType>
								<MortgageType>Conventional</MortgageType>
								<NoteAmount>140500.00</NoteAmount>
								<NoteRatePercent>2.75</NoteRatePercent>
							</TERMS_OF_LOAN>
						</LOAN>
					</LOANS>
					<PARTIES>
						<PARTY SequenceNumber="1" xlink:label="PARTY1">
							<INDIVIDUAL>
								<NAME>
									<FirstName>SANDRA</FirstName>
									<LastName>SCHACHTER</LastName>
								</NAME>
							</INDIVIDUAL>
							<ADDRESSES>
								<ADDRESS SequenceNumber="1">
									<AddressLineText>136 WYE OAK CT</AddressLineText>
									<AddressType>Mailing</AddressType>
									<CityName>SEVERNA PARK</CityName>
									<CountryCode>US</CountryCode>
									<PostalCode>21146-2169</PostalCode>
									<StateCode>MD</StateCode>
								</ADDRESS>
							</ADDRESSES>
							<ROLES>
								<ROLE SequenceNumber="1" xlink:label="PARTY1_ROLE1">
									<BORROWER>
										<BORROWER_DETAIL>
											<BorrowerClassificationType>Primary</BorrowerClassificationType>
										</BORROWER_DETAIL>
									</BORROWER>
									<ROLE_DETAIL>
										<PartyRoleType>Borrower</PartyRoleType>
									</ROLE_DETAIL>
								</ROLE>
							</ROLES>
						</PARTY>
						<PARTY SequenceNumber="2" xlink:label="PARTY2">
							<INDIVIDUAL>
								<NAME>
									<FirstName>DAVID</FirstName>
									<LastName>SCHACHTER</LastName>
								</NAME>
							</INDIVIDUAL>
							<ADDRESSES>
								<ADDRESS SequenceNumber="1">
									<AddressLineText>136 WYE OAK CT</AddressLineText>
									<AddressType>Mailing</AddressType>
									<CityName>SEVERNA PARK</CityName>
									<CountryCode>US</CountryCode>
									<PostalCode>21146-2169</PostalCode>
									<StateCode>MD</StateCode>
								</ADDRESS>
							</ADDRESSES>
							<ROLES>
								<ROLE SequenceNumber="1" xlink:label="PARTY2_ROLE1">
									<BORROWER>
										<BORROWER_DETAIL>
											<BorrowerClassificationType>Secondary</BorrowerClassificationType>
										</BORROWER_DETAIL>
									</BORROWER>
									<ROLE_DETAIL>
										<PartyRoleType>Borrower</PartyRoleType>
									</ROLE_DETAIL>
								</ROLE>
							</ROLES>
						</PARTY>
						<PARTY SequenceNumber="3" xlink:label="PARTY3">
							<LEGAL_ENTITY>
								<LEGAL_ENTITY_DETAIL>
									<FullName>BANK OF AMERICA, N.A.</FullName>
								</LEGAL_ENTITY_DETAIL>
							</LEGAL_ENTITY>
							<ADDRESSES>
								<ADDRESS SequenceNumber="1">
									<AddressLineText>900 W TRADE ST 3RD FLOOR</AddressLineText>
									<AddressType>Mailing</AddressType>
									<CityName>CHARLOTTE</CityName>
									<PostalCode>28255</PostalCode>
									<StateCode>NC</StateCode>
								</ADDRESS>
							</ADDRESSES>
							<ROLES>
								<ROLE SequenceNumber="1" xlink:label="PARTY3_ROLE1">
									<LICENSES>
										<LICENSE SequenceNumber="1" xlink:label="PARTY3_ROLE1_LICENSE1">
											<LICENSE_DETAIL>
												<LicenseIdentifier IdentifierOwnerURI="urn:fdcmortgage:nationwidelicensingsystem.org">399802</LicenseIdentifier>
											</LICENSE_DETAIL>
										</LICENSE>
									</LICENSES>
									<ROLE_DETAIL>
										<PartyRoleType>RequestingParty</PartyRoleType>
									</ROLE_DETAIL>
								</ROLE>
								<ROLE SequenceNumber="2" xlink:label="PARTY3_ROLE2">
									<ROLE_DETAIL>
										<PartyRoleType>NotePayTo</PartyRoleType>
									</ROLE_DETAIL>
								</ROLE>
								<ROLE SequenceNumber="3" xlink:label="PARTY3_ROLE3">
									<ROLE_DETAIL>
										<PartyRoleType>Lender</PartyRoleType>
									</ROLE_DETAIL>
								</ROLE>
							</ROLES>
						</PARTY>
						<PARTY SequenceNumber="4" xlink:label="PARTY4">
							<INDIVIDUAL>
								<CONTACT_POINTS>
									<CONTACT_POINT SequenceNumber="1">
										<CONTACT_POINT_EMAIL>
											<ContactPointEmailValue>kelly.long@bankofamerica.com</ContactPointEmailValue>
										</CONTACT_POINT_EMAIL>
										<CONTACT_POINT_DETAIL>
											<ContactPointRoleType>Work</ContactPointRoleType>
										</CONTACT_POINT_DETAIL>
									</CONTACT_POINT>
									<CONTACT_POINT SequenceNumber="2">
										<CONTACT_POINT_TELEPHONE>
											<ContactPointTelephoneValue>9999999999</ContactPointTelephoneValue>
										</CONTACT_POINT_TELEPHONE>
										<CONTACT_POINT_DETAIL>
											<ContactPointRoleType>Work</ContactPointRoleType>
										</CONTACT_POINT_DETAIL>
									</CONTACT_POINT>
								</CONTACT_POINTS>
							</INDIVIDUAL>
							<ROLES>
								<ROLE SequenceNumber="1" xlink:label="PARTY4_ROLE1">
									<ROLE_DETAIL>
										<PartyRoleType>LoanOfficer</PartyRoleType>
									</ROLE_DETAIL>
								</ROLE>
							</ROLES>
						</PARTY>
						<PARTY SequenceNumber="5" xlink:label="PARTY5">
							<LEGAL_ENTITY>
								<LEGAL_ENTITY_DETAIL>
									<FullName>FIRST AMERICAN TITLE INSURANCE</FullName>
								</LEGAL_ENTITY_DETAIL>
							</LEGAL_ENTITY>
							<ADDRESSES>
								<ADDRESS SequenceNumber="1">
									<AddressLineText>6 CAMPUS CIRCLE BLDG 6 FLOOR 3</AddressLineText>
									<AddressType>Mailing</AddressType>
									<CityName>WESTLAKE</CityName>
									<PostalCode>76262</PostalCode>
									<StateCode>TX</StateCode>
								</ADDRESS>
							</ADDRESSES>
							<ROLES>
								<ROLE SequenceNumber="1" xlink:label="PARTY5_ROLE1">
									<LICENSES>
										<LICENSE SequenceNumber="1" xlink:label="PARTY5_ROLE1_LICENSE1">
											<LICENSE_DETAIL>
												<LicenseIdentifier IdentifierOwnerURI="urn:fdcmortgage:nationwidelicensingsystem.org">11111</LicenseIdentifier>
											</LICENSE_DETAIL>
										</LICENSE>
									</LICENSES>
									<ROLE_DETAIL>
										<PartyRoleType>ClosingAgent</PartyRoleType>
									</ROLE_DETAIL>
								</ROLE>
							</ROLES>
						</PARTY>
						<PARTY SequenceNumber="6" xlink:label="PARTY6">
							<INDIVIDUAL>
								<CONTACT_POINTS>
									<CONTACT_POINT SequenceNumber="1">
										<CONTACT_POINT_EMAIL>
											<ContactPointEmailValue>Bofacurative_tx@firstam.com</ContactPointEmailValue>
										</CONTACT_POINT_EMAIL>
										<CONTACT_POINT_DETAIL>
											<ContactPointRoleType>Work</ContactPointRoleType>
										</CONTACT_POINT_DETAIL>
									</CONTACT_POINT>
									<CONTACT_POINT SequenceNumber="2">
										<CONTACT_POINT_TELEPHONE>
											<ContactPointTelephoneValue>8776242636</ContactPointTelephoneValue>
										</CONTACT_POINT_TELEPHONE>
										<CONTACT_POINT_DETAIL>
											<ContactPointRoleType>Work</ContactPointRoleType>
										</CONTACT_POINT_DETAIL>
									</CONTACT_POINT>
								</CONTACT_POINTS>
								<NAME>
									<FirstName>FIRST</FirstName>
									<LastName>AMERICAN</LastName>
								</NAME>
							</INDIVIDUAL>
							<ROLES>
								<ROLE SequenceNumber="1" xlink:label="PARTY6_ROLE1">
									<ROLE_DETAIL>
										<PartyRoleType>ClosingAgent</PartyRoleType>
									</ROLE_DETAIL>
								</ROLE>
							</ROLES>
						</PARTY>
					</PARTIES>
					<RELATIONSHIPS>
						<RELATIONSHIP SequenceNumber="1" xlink:arcrole="urn:fdc:mismo.org:2009:residential/IsAssociatedWith" xlink:from="CLOSING_INFORMATION_DETAIL" xlink:to="LOAN_COMMENT1"/>
						<RELATIONSHIP SequenceNumber="2" xlink:arcrole="urn:fdc:mismo.org:2009:residential/IsAssociatedWith" xlink:from="CLOSING_INFORMATION_DETAIL" xlink:to="LOAN_COMMENT2"/>
						<RELATIONSHIP SequenceNumber="3" xlink:arcrole="urn:fdc:mismo.org:2009:residential/IsAssociatedWith" xlink:from="ESCROW_DETAIL" xlink:to="LOAN_COMMENT3"/>
						<RELATIONSHIP SequenceNumber="4" xlink:arcrole="urn:fdc:mismo.org:2009:residential/IsAssociatedWith" xlink:from="FEE1" xlink:to="LOAN_COMMENT4"/>
						<RELATIONSHIP SequenceNumber="5" xlink:arcrole="urn:fdc:mismo.org:2009:residential/IsAssociatedWith" xlink:from="PARTY1" xlink:to="LOAN_COMMENT5"/>
						<RELATIONSHIP SequenceNumber="6" xlink:arcrole="urn:fdc:mismo.org:2009:residential/IsAssociatedWith" xlink:from="PARTY2" xlink:to="LOAN_COMMENT6"/>
						<RELATIONSHIP SequenceNumber="5" xlink:arcrole="urn:fdc:mismo.org:2009:residential/ROLE_IsEmployedBy_ROLE" xlink:from="PARTY4_ROLE1" xlink:to="PARTY3_ROLE1"/>
						<RELATIONSHIP SequenceNumber="6" xlink:arcrole="urn:fdc:mismo.org:2009:residential/ROLE_IsEmployedBy_ROLE" xlink:from="PARTY6_ROLE1" xlink:to="PARTY5_ROLE1"/>
						<RELATIONSHIP SequenceNumber="7" xlink:arcrole="urn:fdc:mismo.org:2009:residential/IsAssociatedWith" xlink:from="DEAL1" xlink:to="LOAN_COMMENT7"/>
					</RELATIONSHIPS>
					<SERVICES>
						<SERVICE SequenceNumber="1" xlink:label="SERVICE1">
							<SERVICE_PRODUCT_FULFILLMENT>
								<SERVICE_PRODUCT_FULFILLMENT_DETAIL>
									 <VendorOrderIdentifier>MismoFileID</VendorOrderIdentifier>
                  <VendorTransactionIdentifier>MismoFileNumber</VendorTransactionIdentifier>
								</SERVICE_PRODUCT_FULFILLMENT_DETAIL>
							</SERVICE_PRODUCT_FULFILLMENT>
							<STATUSES>
								<STATUS SequenceNumber="1">
									<StatusCode>PreClosing</StatusCode>
									<StatusConditionDescription>FAST CD Status</StatusConditionDescription>
								</STATUS>
							</STATUSES>
						</SERVICE>
					</SERVICES>
					<EXTENSION>
						<OTHER/>
					</EXTENSION>
				</DEAL>
			</DEALS>
		</DEAL_SET>
	</DEAL_SETS>
</MESSAGE>
