﻿<?xml version="1.0" encoding="UTF-8"?>
<ObjectMap>
  <Parent LogicalName="CPL" class="HtmlCustom" properties="Tagname=OBJECT;Id=editorControlObject">                            

    <DocumentArea class="SilverlightRichEditViewPage" properties="ControlType=RichEditViewPage" />
    <InsertDataElementContextMenu class="SilverlightText" properties="Text=Insert DataElement;Name=Insert DataElement"/>
	  <DataElementSearch class="SilverlightButton" properties="Name=biSearchAndInsertDataElement" />
    
    <FindReplaceInDE class="SilverlightButton" properties="AutomationId=BarButtonItemLinkbiFindDEContent" />    
    
    <InsertPhraseMenuButton class="SilverlightButton" properties="AutomationId=PhraseEdgeInsertMenuButton" />
    <InsertAtBottom class="SilverlightText" properties="Name=Bottom" />
    <!--<InsertAtBottom class="SilverlightButton" properties="AutomationId=biInsertAtBottom" />-->
    <ThreeDots class="SilverlightButton" properties="Name=biInsertPhraseAtBottom" />
    <Bottom class="SilverlightText" properties="Name=Bottom" />
    <EditDefaultPhraseMarker class="SilverlightButton" properties="AutomationId=biEditPhraseMarker" />
    <SectionTypeContinuous class="SilverlightRadioButton" properties="Name=Continuous;ControlType=RadioButton" />
    <SectionBreakDone class="SilverlightButton" properties="Name=Done" />
    <RegionalFormBottom class="SilverlightButton" properties="AutomationId=biInsertFormAtBottom" />
    <RegionalFormInsert class="SilverlightButton" properties="Name=Insert" />

    
    <!--<DataElementProperty class="SilverlightButton" properties="AutomationId=BarButtonItemLinkbiShowAndUpdateDataElementProperty" />-->
    <DataElementProperty class="SilverlightButton" properties="Name=Show DataElement Property;ControlType=Button" />
    
    <!--<RegionalForm class="SilverlightButton" properties="AutomationId=biInsertFormAtBottom" />-->
    <Undo class="SilverlightButton" properties="AutomationId=biEditUndo" />
    <Font class="SilverlightEdit" properties="AutomationId=PART_Editor" />
    <GrowFont class="SilverlightButton" properties="AutomationId=biFormatIncreaseFontSize" />
    <ShrinkFont class="SilverlightButton" properties="AutomationId=biFormatDecreaseFontSize" />
    <FontColor class="SilverlightButton" properties="AutomationId biFormatFontForeColor" />
    <TextHighlightColor class="SilverlightButton" properties="AutomationId=biFormatFontBackColor" />
    <Symbol class="SilverlightButton" properties="AutomationId=biInsertSymbol" />
    <Page class="SilverlightButton" properties="AutomationId=biInsertPageBreak" />
    <Find class="SilverlightButton" properties="AutomationId=BarButtonItemLinkbiEditFind" />
    <Replace class="SilverlightButton" properties="AutomationId=biEditReplace" />
    <Spelling class="SilverlightButton" properties="AutomationId=BarButtonItemLinkbiCheckSpelling" />
    <SpellingChangeAll class="SilverlightButton" properties="AutomationId=btnChangeAll" />
    <SpellingOk class="SilverlightButton" properties="AutomationId=OkButton" />
    <PhraseProperty class="SilverlightButton" properties="AutomationId=biShowAndUpdatePhraseProperty" />
    <InsertDataElement class="SilverlightButton" properties="Name=Insert DataElement;ControlType=Button" />
    <InsertDataElement_DocArea class="SilverlightButton" properties="Name=Insert DataElement;ControlType=Text" />
    <!--<InsertDataElement class="SilverlightButton" properties="AutomationId=biInsertDataElement" />-->
    <!--<InsertDataElement class="SilverlightButton" properties="AutomationId=BarButtonItemLinkbiInsertDataElement" />-->
    <DataElementProperty class="SilverlightButton" properties="AutomationId=biShowAndUpdateDataElementProperty" />
    <Insertautoumberingelement class="SilverlightButton" properties="AutomationId=biInsertAutoNumber" />
    <AlignLeft class="SilverlightControl" properties="AutomationId=biFormatParagraphAlignLeft" />
    <AlignCenter class="SilverlightControl" properties="AutomationId=biFormatParagraphAlignCenter" />
    <AlignRight class="SilverlightControl" properties="AutomationId=biFormatParagraphAlignRight" />
    <AlignJustify class="SilverlightControl" properties="AutomationId=biFormatParagraphAlignJustify" />
    <Paragraph class="SilverlightControl" properties="AutomationId=biFormatParagraph" />
    <DecreaseIndent class="SilverlightButton" properties="AutomationId=biFormatDecreaseIndent" />
    <Phrase class="SilverlightButton" properties="AutomationId=PhraseListMenuButton" />
    <PhraseEdit class="SilverlightListItem" properties="Name=FAF.DocumentManagement.Client.Operation.DataModel.PhraseModel" />
    <Remove class="SilverlightButton" properties="AutomationId=biRemovePhraseFromTemplate" />
    <Save class="SilverlightButton" properties="AutomationId=biSave" />
    <Edit class="SilverlightButton" properties="AutomationId=biEditPhrase" />
    <Table class="SilverlightControl" properties="AutomationId=biInsertTable" />
    <Bold class="SilverlightControl" properties="AutomationId=biFormatFontBold" />
    <Italic class="SilverlightControl" properties="AutomationId=biFormatFontItalic" />
    <Underline class="SilverlightControl" properties="AutomationId=biFormatFontUnderline" />
    <IncreaseIndent class="SilverlightButton" properties="AutomationId=biFormatIncreaseIndent" />
    <InsertRowsBelow class="SilverlightControl" properties="AutomationId=biTableInsertRowBelow" />
    <InsertRowsAbove class="SilverlightControl" properties="AutomationId=biTableInsertRowAbove" />
    <InsertColumnstotheLeft class="SilverlightControl" properties="AutomationId=biTableInsertColumnToLeft" />
    <InsertColumnstotheRight class="SilverlightControl" properties="AutomationId=biTableInsertColumnToRight" />
    <InsertCells class="SilverlightControl" properties="AutomationId=biTableInsertCells" />
    <SplitCells class="SilverlightControl" properties="AutomationId=biTableSplitCells" />
    <Cut class="SilverlightControl" properties="AutomationId=biEditCut" />
    <Copy class="SilverlightControl" properties="AutomationId=biEditCopy" />
    <Paste class="SilverlightControl" properties="AutomationId=biEditPaste" />
    <FontBackColorArrow class="SilverlightControl" properties="ControlType=ArrowControl" />
    <FontForeColor class="SilverlightButton" properties="AutomationId=biFormatFontForeColor" />
    <FontBackColor class="SilverlightListItem" properties="AutomationId=GalleryItemControl" />
    <HighlightBackColorArrow class="SilverlightButton" properties="ControlType=ArrowControl" />
    <HighlightBackColor class="SilverlightListItem" properties="AutomationId=GalleryItemControl" />
    <Bullet class="SilverlightControl" properties="AutomationId=biFormatBulletedList" />
    <Numbering class="SilverlightControl" properties="AutomationId=biFormatNumberingList" />
    <MultilevelList class="SilverlightControl" properties="AutomationId=biFormatMultilevelList" />
    <TableDeleteElementArrow class="SilverlightButton" properties="ControlType=ArrowControl" />
    <TableDeleteElement class="SilverlightImage" properties="AutomationId=biTableDeleteElement" />
    <TableDelete class="SilverlightCheckBox" properties="AutomationId=biTableDelete" />
    <TableDeleteRow class="SilverlightCheckBox" properties="AutomationId=biTableDeleteRow" />
    <TableDeleteColumn class="SilverlightCheckBox" properties="AutomationId=biTableDeleteColumn" />
    <TableAutoFitArrow class="SilverlightButton" properties="ControlType=ArrowControl" />
    <TableAutoFitContents class="SilverlightCheckBox" properties="AutomationId=biToggleTableAutoFitContents" />
    <TableAutoFitWindow class="SilverlightCheckBox" properties="AutomationId=biToggleTableAutoFitWindow" />
    <TableFixedColumnWidth class="SilverlightCheckBox" properties="AutomationId=biToggleTableFixedColumnWidth" />
    <TableProperties class="SilverlightControl" properties="AutomationId=biTableProperties" />
    <SelectRowArrow class="SilverlightButton" properties="ControlType=ArrowControl" />
    <SelectCell class="SilverlightCheckBox" properties="AutomationId=biTableSelectCell" />
    <SelectColumn class="SilverlightCheckBox" properties="AutomationId=biTableSelectColumn" />
    <SelectRow class="SilverlightCheckBox" properties="AutomationId=biTableSelectRow" />
    <SelectTable class="SilverlightCheckBox" properties="AutomationId=biTableSelect" />
    <BordersArrow class="SilverlightButton" properties="ControlType=ArrowControl" />
    <BottomBorders class="SilverlightCheckBox" properties="AutomationId=biTableToggleBottomBorder" />
    <TopBorders class="SilverlightCheckBox" properties="AutomationId=biTableToggleTopBorder" />
    <LeftBorders class="SilverlightCheckBox" properties="AutomationId=biTableToggleLeftBorder" />
    <RightBorders class="SilverlightCheckBox" properties="AutomationId=biTableToggleRightBorder" />
    <AllBorders class="SilverlightCheckBox" properties="AutomationId=BarButtonItemLinkbiTableResetAllBorders" />
    <OutsideBorders class="SilverlightCheckBox" properties="AutomationId=biTableToggleOutsideBorder" />
    <InsideBorders class="SilverlightCheckBox" properties="AutomationId=biTableToggleInsideBorder" />
    <InsideHorizontalBorders class="SilverlightCheckBox" properties="AutomationId=biTableToggleInsideHorizontalBorder" />
    <InsideVerticalBorders class="SilverlightCheckBox" properties="AutomationId=biTableToggleInsideVerticalBorder" />
    <PhraseCondition class="SilverlightButton" properties="AutomationId=BarButtonItemLinkbiShowPhraseCondition" />
    <PhraseCollapse class="SilverlightButton" properties="AutomationId=ExpanderButton" />
    <Ok class="SilverlightButton" properties="Name=Ok" />
    <Symbol1 class="SilverlightText" properties="Name=&amp;" />
    <Symbol2 class="SilverlightText" properties="Name=@" />
    <Symbol3 class="SilverlightText" properties="Name=L" />
    <SymbolCancel class="SilverlightButton" properties="AutomationId=PART_CancelButton" />
  </Parent>
  
  <Parent LogicalName="Tname" class="HtmlFrame" properties="Id=fraEditor">
    <Yes class="HtmlPane" properties="InnerText=Yes" />
    <Close class="HtmlButton" properties="Id=closeButton" />
    <PhrasePropertyUC class="HtmlCheckBox" properties="Id=chkUndrCnstrnPhrase" />
  </Parent>
  
  <Parent LogicalName="ParagraphDialog" class="SilverlightTab" properties="AutomationId=DXTabControltabControl">
    <Alignment class="SilverlightComboBox" properties="AutomationId=edtAlignment" />
    <OutlineLevel class="SilverlightComboBox" properties="AutomationId=edtOutlineLevel" />
    <LineSpacing class="SilverlightComboBox" properties="AutomationId=edtLineSpacing" />
    <ParagraphOk class="SilverlightButton" properties="AutomationId=OkButton" />
    <Tabs class="SilverlightButton" properties="Name=Tabs…" />
    <Center class="SilverlightRadioButton" properties="AutomationId=cbCenter" />
  </Parent>
    
  <Parent LogicalName="PhraseMarker" class="SilverlightTab" properties="AutomationId=DXTabControl">
    <DocPrepForm class="SilverlightButton" properties="Name=Load DocPrep Region Forms" />
  </Parent>

  <Parent LogicalName="FileTemp" class="HtmlCustom" properties="Tagname=OBJECT;Id=editorControlObject">
    <EnterEditMode class="SilverlightButton" properties="AutomationId=EnterEditModeButton" />
    <PhraseEdgensertMenuButton class="SilverlightButton" properties="AutomationId=PhraseEdgeInsertMenuButton" />
    <Top class="SilverlightText" properties="Name=Top" />
    <Bottom class="SilverlightText" properties="Name=Bottom" />
    <ThreeDots class="SilverlightButton" properties="Name=..." />
    <InsertPhrase class="SilverlightButton" properties="Name=biInsertPhraseAtTop" />
    <InsertTemplate class="SilverlightButton" properties="Name=biInsertTemplateAtTop" />
    <InsertTemplateBottom class="SilverlightButton" properties="Name=biInsertTemplateAtBottom" />
    <FinalizeArrow class="SilverlightButton" properties="AutomationId=PART_QuickCustomizationButton" />
    <Finalize class="SilverlightText" properties="Name=Finalize" />
    <FinalizeEdit class="SilverlightEdit" properties="ControlType=Edit" />
    <FinalizeOk class="SilverlightButton" properties="Name=Ok" />
    <Phrase class="SilverlightButton" properties="AutomationId=PhraseListMenuButton" />
    <PhraseDelete class="SilverlightText" properties="Name=Delete;FriendlyName=Delete;ControlType=Text" />
    <PhraseDeleteCommentOk class="SilverlightButton" properties="Name=Ok" />
    <PhraseEdit class="SilverlightButton" properties="AutomationId=BarButtonItemLinkbiEditPhrase" />
    <PhraseWaive class="SilverlightText" properties="Name=Waive" />
    <PhraseWaiveComment class="SilverlightEdit" properties="ControlType=Edit" />
    <PhraseWaiveCommentOk class="SilverlightButton" properties="Name=Ok" />
    <MiscPhrase class="SilverlightButton" properties="AutomationId=biInsertMiscPhraseAtBottom" />
    <Save class="SilverlightButton" properties="AutomationId=biSave" />
    <MiscCreate class="SilverlightButton" properties="Name=Create" />
    <PageBreak class="SilverlightButton" properties="AutomationId=BarButtonItemLinkbiInsertPageBreakAtTop" />
    <PageBreakInsert class="SilverlightButton" properties="Name=Insert" />
    <Refresh class="SilverlightButton" properties="AutomationId=BarButtonItemLinkbiRefreshDocument     " />   
    
  </Parent>
  
  <Parent LogicalName="Edit" class="HtmlFrame" properties="Id=fraEditor;Name=fraEditor;Title=Editor">
    <Close class="HtmlButton" properties="Id=closeButton;Name=closeButton" />
  </Parent>

  <Parent LogicalName="Phrases" class="HtmlCustom" properties="Tagname=OBJECT;Id=editorControlObject">
    <Phrase class="SilverlightButton" properties="AutomationId=ExpanderButton" />
    <Search class="SilverlightEdit" properties="AutomationId=txtBxEditorPhraseSearchCode" />
    <Previous class="SilverlightButton" properties="AutomationId=btnPrevious" />
    <Next class="SilverlightButton" properties="AutomationId=btnNext" />
    <PhraseListMenu class="SilverlightButton" properties="AutomationId=PhraseListMenuButton" />
    <Insert class="SilverlightButton" properties="AutomationId=PhraseEdgeInsertMenuButton" />
    <Top class="SilverlightText" properties="Name=Top" />
    <Bottom class="SilverlightText" properties="Name=Bottom" />
    <InsertTopPhraseSearch class="SilverlightButton" properties="Name=biInsertPhraseAtTop" />
    <InsertTopTemplateSearch class="SilverlightButton" properties="Name=biInsertTemplateAtTop" />
    <InsertTopMisc class="SilverlightButton" properties="AutomationId=biInsertMiscPhraseAtTop" />
    <InsertTopSectionBreak class="SilverlightButton" properties="AutomationId=biInsertSectionBreakAtTop" />
    <InsertTopPageBreak class="SilverlightButton" properties="AutomationId=biInsertPageBreakAtTop" />
    <InsertTopRestartNumbering class="SilverlightButton" properties="AutomationId=biInsertAutoOutlineAtTop" />
    <InsertBottomEnterPhraseCode class="SilverlightEdit" properties="Name=" />
    <InsertBottomPhraseSearch class="SilverlightButton" properties="Name=biInsertPhraseAtBottom" />
    <InsertBottomTemplateSearch class="SilverlightButton" properties="Name=biInsertTemplateAtBottom" />
    <InsertBottomMisc class="SilverlightButton" properties="AutomationId=biInsertMiscPhraseAtBottom" />
    <InsertBottomSectionBreak class="SilverlightButton" properties="AutomationId=biInsertSectionBreakAtBottom" />
    <InsertBottomPageBreak class="SilverlightButton" properties="AutomationId=biInsertPageBreakAtBottom" />
    <InsertBottomRestartNumbering class="SilverlightButton" properties="AutomationId=biInsertAutoOutlineAtBottom" />

    <PhraseMarker class="SilverlightTabItem" properties="Name=DXTabItemPhraseMarker" />
    <PhraseMarkerInsert class="SilverlightButton" properties="Name=Insert" />
    <PhraseMarkerCancel class="SilverlightButton" properties="Name=Cancel" />

    <DocumentArea class="SilverlightRichEditViewPage" properties="ControlType=RichEditViewPage" />
   
    
    <Save class="SilverlightButton" properties="AutomationId=biSave" />
    
    <InsertDataElementContextMenu class="SilverlightText" properties="Text=Insert DataElement;Name=Insert DataElement"/>
    <EnterDataElementCodeBox class="SilverlightEdit" properties="ControlType=Edit;Width=182;Height=23" />
	  <DataElementSearch class="SilverlightButton" properties="Name=biSearchAndInsertDataElement" />
	
    <ShortButtom class="SilverlightButton" properties="ControlType=Button"/>
    <SaveButtom class="SilverlightButton" properties="Name=Save;AutomationId=BarButtonItemLinkbiSave"/>    
    
    <MiscPhrase class="SilverlightEdit" properties="Name=Misc. Phrase" />
    <MiscCreate class="SilverlightButton" properties="Name=Create" />
    <MiscCancel class="SilverlightButton" properties="Name=Cancel" />

    <PleaseWait class="SilverlightText" properties="Name=Please wait, Processing Request" />
    <InitializeEditor class="SilverlightText" properties="Name=Initializing Editor" />

    <Delivery class="SilverlightText" properties="Name=Delivery" />
    <Preview class="SilverlightCheckBox" properties="Name=Preview;AutomationId=biPreviewDocumentDLV" />
    <Print class="SilverlightCheckBox" properties="Name=Print;AutomationId=biPrintDocumentDLV" />
    <Fax class="SilverlightCheckBox" properties="Name=Fax;AutomationId=biFaxDocumentDLV" />
    <Email class="SilverlightCheckBox" properties="Name=Email;AutomationId=biEmailDocumentDLV" />

    <RememberMyAnswer class="SilverlightCheckBox" properties="Name=Remember my answer" />
    <Yes class="SilverlightButton" properties="Name=Yes" />
    <No class="SilverlightButton" properties="Name=No" />
    
  </Parent>
    
</ObjectMap>